2025-09-18 03:17:00 +0000  Initial pipeline context: <IDEDistributionProcessingPipelineContext: 0x30f028490; archive(resolved)="<IDEArchive: 0x600024d37a30>", distributionTask(resolved)="2", distributionDestination(resolved)="2", distributionMethod(resolved)="<IDEDistributionMethodiOSAppStoreDistribution: 0x6000064ffe70>", team(resolved)="<IDEProvisioningDisambiguatableBasicTeam: 0x600013f10540; teamID='H356K2BJT5', teamName='Jokwon Pope', teamType='Individual', username='jokwonpope1561@gmail.com', isFreeProvisioningTeam='0'>">
	Chain (17, self inclusive):
	<IDEDistributionProcessingPipelineContext: 0x30f028490; archive = "<IDEArchive: 0x600024d37a30>", distributionMethod="<IDEDistributionMethodiOSAppStoreDistribution: 0x6000064ffe70>", team="<IDEProvisioningDisambiguatableBasicTeam: 0x600013f10540; teamID='H356K2BJT5', teamName='Jokwon Pope', teamType='Individual', username='jokwonpope1561@gmail.com', isFreeProvisioningTeam='0'>">
	<IDEDistributionProcessingPipelineContext: 0x30f040a00; archive = "<IDEArchive: 0x600024d37a30>", distributionMethod="<IDEDistributionMethodiOSAppStoreDistribution: 0x6000064ffe70>", team="<IDEProvisioningDisambiguatableBasicTeam: 0x600013f10540; teamID='H356K2BJT5', teamName='Jokwon Pope', teamType='Individual', username='jokwonpope1561@gmail.com', isFreeProvisioningTeam='0'>">
	<IDEDistributionContext: 0x30f0e35f0; archive = "<IDEArchive: 0x600024d37a30>", distributionMethod="<IDEDistributionMethodiOSAppStoreDistribution: 0x6000064ffe70>", team="<IDEProvisioningDisambiguatableBasicTeam: 0x600013f10540; teamID='H356K2BJT5', teamName='Jokwon Pope', teamType='Individual', username='jokwonpope1561@gmail.com', isFreeProvisioningTeam='0'>">
	<IDEDistributionContext: 0x30dfed2a0; archive = "<IDEArchive: 0x600024d37a30>", distributionMethod="<IDEDistributionMethodiOSAppStoreDistribution: 0x6000064ffe70>", team="<IDEProvisioningDisambiguatableBasicTeam: 0x600013f10540; teamID='H356K2BJT5', teamName='Jokwon Pope', teamType='Individual', username='jokwonpope1561@gmail.com', isFreeProvisioningTeam='0'>">
	<IDEDistributionContext: 0x30d1cf910; archive = "<IDEArchive: 0x600024d37a30>", distributionMethod="<IDEDistributionMethodiOSAppStoreDistribution: 0x6000064ffe70>", team="<IDEProvisioningDisambiguatableBasicTeam: 0x600013f10540; teamID='H356K2BJT5', teamName='Jokwon Pope', teamType='Individual', username='jokwonpope1561@gmail.com', isFreeProvisioningTeam='0'>">
	<IDEDistributionContext: 0x33817efb0; archive = "<IDEArchive: 0x600024d37a30>", distributionMethod="<IDEDistributionMethodiOSAppStoreDistribution: 0x6000064ffe70>", team="<IDEProvisioningDisambiguatableBasicTeam: 0x600013f10540; teamID='H356K2BJT5', teamName='Jokwon Pope', teamType='Individual', username='jokwonpope1561@gmail.com', isFreeProvisioningTeam='0'>">
	<IDEDistributionContext: 0x333350e80; archive = "<IDEArchive: 0x600024d37a30>", distributionMethod="<IDEDistributionMethodiOSAppStoreDistribution: 0x6000064ffe70>", team="<IDEProvisioningDisambiguatableBasicTeam: 0x600013f10540; teamID='H356K2BJT5', teamName='Jokwon Pope', teamType='Individual', username='jokwonpope1561@gmail.com', isFreeProvisioningTeam='0'>">
	<IDEDistributionContext: 0x334f227f0; archive = "<IDEArchive: 0x600024d37a30>", distributionMethod="<IDEDistributionMethodiOSAppStoreDistribution: 0x6000064ffe70>", team="<IDEProvisioningDisambiguatableBasicTeam: 0x600013f10540; teamID='H356K2BJT5', teamName='Jokwon Pope', teamType='Individual', username='jokwonpope1561@gmail.com', isFreeProvisioningTeam='0'>">
	<IDEDistributionContext: 0x30e908db0; archive = "<IDEArchive: 0x600024d37a30>", distributionMethod="<IDEDistributionMethodiOSAppStoreDistribution: 0x6000064ffe70>", team="<IDEProvisioningDisambiguatableBasicTeam: 0x600013f10540; teamID='H356K2BJT5', teamName='Jokwon Pope', teamType='Individual', username='jokwonpope1561@gmail.com', isFreeProvisioningTeam='0'>">
	<IDEDistributionContext: 0x30e8c5c20; archive = "<IDEArchive: 0x600024d37a30>", distributionMethod="<IDEDistributionMethodiOSAppStoreDistribution: 0x6000064ffe70>", team="<IDEProvisioningDisambiguatableBasicTeam: 0x600013f10540; teamID='H356K2BJT5', teamName='Jokwon Pope', teamType='Individual', username='jokwonpope1561@gmail.com', isFreeProvisioningTeam='0'>">
	<IDEDistributionContext: 0x30dffb940; archive = "<IDEArchive: 0x600024d37a30>", distributionMethod="<IDEDistributionMethodiOSAppStoreDistribution: 0x6000064ffe70>", team="<IDEProvisioningDisambiguatableBasicTeam: 0x600013f10540; teamID='H356K2BJT5', teamName='Jokwon Pope', teamType='Individual', username='jokwonpope1561@gmail.com', isFreeProvisioningTeam='0'>">
	<IDEDistributionContext: 0x30f03cdc0; archive = "<IDEArchive: 0x600024d37a30>", distributionMethod="<IDEDistributionMethodiOSAppStoreDistribution: 0x6000064ffe70>", team="<IDEProvisioningDisambiguatableBasicTeam: 0x600013f10540; teamID='H356K2BJT5', teamName='Jokwon Pope', teamType='Individual', username='jokwonpope1561@gmail.com', isFreeProvisioningTeam='0'>">
	<IDEDistributionContext: 0x30dfed7d0; archive = "<IDEArchive: 0x600024d37a30>", distributionMethod="<IDEDistributionMethodiOSAppStoreDistribution: 0x6000064ffe70>", team="(null)">
	<IDEDistributionContext: 0x30c429070; archive = "<IDEArchive: 0x600024d37a30>", distributionMethod="<IDEDistributionMethodiOSAppStoreDistribution: 0x6000064ffe70>", team="(null)">
	<IDEDistributionContext: 0x334f89970; archive = "<IDEArchive: 0x600024d37a30>", distributionMethod="(null)", team="(null)">
	<IDEDistributionContext: 0x30e9081c0; archive = "<IDEArchive: 0x600024d37a30>", distributionMethod="(null)", team="(null)">
	<IDEDistributionContext: 0x3333d49c0; archive = "<IDEArchive: 0x600024d37a30>", distributionMethod="(null)", team="(null)">
</IDEDistributionProcessingPipelineContext: 0x30f028490>
2025-09-18 03:17:00 +0000  Processing step: IDEDistributionCreateDestRootStep
2025-09-18 03:17:00 +0000  Processing step: IDEDistributionCopyItemStep
2025-09-18 03:17:00 +0000  Running /usr/bin/ditto '-V' '/Users/thepope/Library/Developer/Xcode/Archives/2025-09-17/SocialCircle 9-17-25, 9.03 PM.xcarchive/Products/Applications/SocialCircle.app' '/var/folders/lv/bks3mx4n6g5gcvnft63p07j40000gn/T/XcodeDistPipeline.~~~ePAqAY/Root/Payload/SocialCircle.app'
2025-09-18 03:17:00 +0000  >>> Copying /Users/thepope/Library/Developer/Xcode/Archives/2025-09-17/SocialCircle 9-17-25, 9.03 PM.xcarchive/Products/Applications/SocialCircle.app 
2025-09-18 03:17:00 +0000  copying file ./_CodeSignature/CodeResources ... 
2025-09-18 03:17:00 +0000  90793 bytes for ./_CodeSignature/CodeResources
2025-09-18 03:17:00 +0000  copying file ./Fontisto.ttf ... 
2025-09-18 03:17:00 +0000  313528 bytes for ./Fontisto.ttf
2025-09-18 03:17:00 +0000  copying file ./Octicons.ttf ... 
2025-09-18 03:17:00 +0000  49404 bytes for ./Octicons.ttf
2025-09-18 03:17:00 +0000  copying file ./Feather.ttf ... 
2025-09-18 03:17:00 +0000  56228 bytes for ./Feather.ttf
2025-09-18 03:17:00 +0000  copying file ./SplashScreen.storyboardc/EXPO-VIEWCONTROLLER-1-view-EXPO-ContainerView.nib ... 
2025-09-18 03:17:00 +0000  2106 bytes for ./SplashScreen.storyboardc/EXPO-VIEWCONTROLLER-1-view-EXPO-ContainerView.nib
2025-09-18 03:17:00 +0000  copying file ./SplashScreen.storyboardc/SplashScreenViewController.nib ... 
2025-09-18 03:17:00 +0000  1004 bytes for ./SplashScreen.storyboardc/SplashScreenViewController.nib
2025-09-18 03:17:00 +0000  copying file ./SplashScreen.storyboardc/Info.plist ... 
2025-09-18 03:17:00 +0000  225 bytes for ./SplashScreen.storyboardc/Info.plist
2025-09-18 03:17:00 +0000  copying file ./EXUpdates.bundle/app.manifest ... 
2025-09-18 03:17:00 +0000  12234 bytes for ./EXUpdates.bundle/app.manifest
2025-09-18 03:17:00 +0000  copying file ./EXUpdates.bundle/Info.plist ... 
2025-09-18 03:17:00 +0000  762 bytes for ./EXUpdates.bundle/Info.plist
2025-09-18 03:17:00 +0000  copying file ./SocialCircle ... 
2025-09-18 03:17:00 +0000  21175840 bytes for ./SocialCircle
2025-09-18 03:17:00 +0000  copying file ./FontAwesome6_Regular.ttf ... 
2025-09-18 03:17:00 +0000  67976 bytes for ./FontAwesome6_Regular.ttf
2025-09-18 03:17:00 +0000  copying file ./Entypo.ttf ... 
2025-09-18 03:17:00 +0000  66200 bytes for ./Entypo.ttf
2025-09-18 03:17:00 +0000  copying file ./ReachabilitySwift.bundle/PrivacyInfo.xcprivacy ... 
2025-09-18 03:17:00 +0000  228 bytes for ./ReachabilitySwift.bundle/PrivacyInfo.xcprivacy
2025-09-18 03:17:00 +0000  copying file ./ReachabilitySwift.bundle/Info.plist ... 
2025-09-18 03:17:00 +0000  778 bytes for ./ReachabilitySwift.bundle/Info.plist
2025-09-18 03:17:00 +0000  copying file ./FontAwesome5_Brands.ttf ... 
2025-09-18 03:17:00 +0000  134040 bytes for ./FontAwesome5_Brands.ttf
2025-09-18 03:17:00 +0000  copying file ./MaterialCommunityIcons.ttf ... 
2025-09-18 03:17:00 +0000  1147844 bytes for ./MaterialCommunityIcons.ttf
2025-09-18 03:17:00 +0000  copying file ./glog_privacy.bundle/Info.plist ... 
2025-09-18 03:17:00 +0000  766 bytes for ./glog_privacy.bundle/Info.plist
2025-09-18 03:17:00 +0000  copying file ./FBLPromises_Privacy.bundle/PrivacyInfo.xcprivacy ... 
2025-09-18 03:17:00 +0000  373 bytes for ./FBLPromises_Privacy.bundle/PrivacyInfo.xcprivacy
2025-09-18 03:17:00 +0000  copying file ./FBLPromises_Privacy.bundle/Info.plist ... 
2025-09-18 03:17:00 +0000  781 bytes for ./FBLPromises_Privacy.bundle/Info.plist
2025-09-18 03:17:00 +0000  copying file ./AppIcon60x60@2x.png ... 
2025-09-18 03:17:00 +0000  6727 bytes for ./AppIcon60x60@2x.png
2025-09-18 03:17:00 +0000  copying file ./ExpoConstants_privacy.bundle/PrivacyInfo.xcprivacy ... 
2025-09-18 03:17:00 +0000  607 bytes for ./ExpoConstants_privacy.bundle/PrivacyInfo.xcprivacy
2025-09-18 03:17:00 +0000  copying file ./ExpoConstants_privacy.bundle/Info.plist ... 
2025-09-18 03:17:00 +0000  787 bytes for ./ExpoConstants_privacy.bundle/Info.plist
2025-09-18 03:17:00 +0000  copying file ./AntDesign.ttf ... 
2025-09-18 03:17:00 +0000  70344 bytes for ./AntDesign.ttf
2025-09-18 03:17:00 +0000  copying file ./GoogleMapsPrivacy.bundle/GoogleMapsPrivacy.bundle/PrivacyInfo.xcprivacy ... 
2025-09-18 03:17:00 +0000  3204 bytes for ./GoogleMapsPrivacy.bundle/GoogleMapsPrivacy.bundle/PrivacyInfo.xcprivacy
2025-09-18 03:17:00 +0000  copying file ./GoogleMapsPrivacy.bundle/Info.plist ... 
2025-09-18 03:17:00 +0000  777 bytes for ./GoogleMapsPrivacy.bundle/Info.plist
2025-09-18 03:17:00 +0000  copying file ./Foundation.ttf ... 
2025-09-18 03:17:00 +0000  56976 bytes for ./Foundation.ttf
2025-09-18 03:17:00 +0000  copying file ./Ionicons.ttf ... 
2025-09-18 03:17:00 +0000  442604 bytes for ./Ionicons.ttf
2025-09-18 03:17:00 +0000  copying file ./FontAwesome5_Solid.ttf ... 
2025-09-18 03:17:00 +0000  202744 bytes for ./FontAwesome5_Solid.ttf
2025-09-18 03:17:00 +0000  copying file ./FirebaseCoreInternal_Privacy.bundle/PrivacyInfo.xcprivacy ... 
2025-09-18 03:17:00 +0000  855 bytes for ./FirebaseCoreInternal_Privacy.bundle/PrivacyInfo.xcprivacy
2025-09-18 03:17:00 +0000  copying file ./FirebaseCoreInternal_Privacy.bundle/Info.plist ... 
2025-09-18 03:17:00 +0000  802 bytes for ./FirebaseCoreInternal_Privacy.bundle/Info.plist
2025-09-18 03:17:00 +0000  copying file ./FontAwesome5_Regular.ttf ... 
2025-09-18 03:17:00 +0000  33736 bytes for ./FontAwesome5_Regular.ttf
2025-09-18 03:17:00 +0000  copying file ./React-cxxreact_privacy.bundle/PrivacyInfo.xcprivacy ... 
2025-09-18 03:17:00 +0000  552 bytes for ./React-cxxreact_privacy.bundle/PrivacyInfo.xcprivacy
2025-09-18 03:17:00 +0000  copying file ./React-cxxreact_privacy.bundle/Info.plist ... 
2025-09-18 03:17:00 +0000  789 bytes for ./React-cxxreact_privacy.bundle/Info.plist
2025-09-18 03:17:00 +0000  copying file ./ExpoApplication_privacy.bundle/PrivacyInfo.xcprivacy ... 
2025-09-18 03:17:00 +0000  608 bytes for ./ExpoApplication_privacy.bundle/PrivacyInfo.xcprivacy
2025-09-18 03:17:00 +0000  copying file ./ExpoApplication_privacy.bundle/Info.plist ... 
2025-09-18 03:17:00 +0000  790 bytes for ./ExpoApplication_privacy.bundle/Info.plist
2025-09-18 03:17:00 +0000  copying file ./FontAwesome.ttf ... 
2025-09-18 03:17:00 +0000  165548 bytes for ./FontAwesome.ttf
2025-09-18 03:17:00 +0000  copying file ./Zocial.ttf ... 
2025-09-18 03:17:00 +0000  25788 bytes for ./Zocial.ttf
2025-09-18 03:17:00 +0000  copying file ./RCT-Folly_privacy.bundle/Info.plist ... 
2025-09-18 03:17:00 +0000  783 bytes for ./RCT-Folly_privacy.bundle/Info.plist
2025-09-18 03:17:00 +0000  copying file ./Assets.car ... 
2025-09-18 03:17:00 +0000  663423 bytes for ./Assets.car
2025-09-18 03:17:00 +0000  copying file ./EvilIcons.ttf ... 
2025-09-18 03:17:00 +0000  13456 bytes for ./EvilIcons.ttf
2025-09-18 03:17:00 +0000  copying file ./FirebaseInstallations_Privacy.bundle/PrivacyInfo.xcprivacy ... 
2025-09-18 03:17:00 +0000  1105 bytes for ./FirebaseInstallations_Privacy.bundle/PrivacyInfo.xcprivacy
2025-09-18 03:17:00 +0000  copying file ./FirebaseInstallations_Privacy.bundle/Info.plist ... 
2025-09-18 03:17:00 +0000  804 bytes for ./FirebaseInstallations_Privacy.bundle/Info.plist
2025-09-18 03:17:00 +0000  copying file ./AppIcon76x76@2x~ipad.png ... 
2025-09-18 03:17:00 +0000  9351 bytes for ./AppIcon76x76@2x~ipad.png
2025-09-18 03:17:00 +0000  copying file ./GoogleUtilities_Privacy.bundle/PrivacyInfo.xcprivacy ... 
2025-09-18 03:17:00 +0000  1289 bytes for ./GoogleUtilities_Privacy.bundle/PrivacyInfo.xcprivacy
2025-09-18 03:17:00 +0000  copying file ./GoogleUtilities_Privacy.bundle/Info.plist ... 
2025-09-18 03:17:00 +0000  790 bytes for ./GoogleUtilities_Privacy.bundle/Info.plist
2025-09-18 03:17:00 +0000  copying file ./main.jsbundle ... 
2025-09-18 03:17:00 +0000  8496213 bytes for ./main.jsbundle
2025-09-18 03:17:00 +0000  copying file ./EXConstants.bundle/app.config ... 
2025-09-18 03:17:00 +0000  1565 bytes for ./EXConstants.bundle/app.config
2025-09-18 03:17:00 +0000  copying file ./EXConstants.bundle/Info.plist ... 
2025-09-18 03:17:00 +0000  765 bytes for ./EXConstants.bundle/Info.plist
2025-09-18 03:17:00 +0000  copying file ./ExpoDevice_privacy.bundle/PrivacyInfo.xcprivacy ... 
2025-09-18 03:17:00 +0000  609 bytes for ./ExpoDevice_privacy.bundle/PrivacyInfo.xcprivacy
2025-09-18 03:17:00 +0000  copying file ./ExpoDevice_privacy.bundle/Info.plist ... 
2025-09-18 03:17:00 +0000  780 bytes for ./ExpoDevice_privacy.bundle/Info.plist
2025-09-18 03:17:00 +0000  copying file ./FontAwesome6_Solid.ttf ... 
2025-09-18 03:17:00 +0000  423676 bytes for ./FontAwesome6_Solid.ttf
2025-09-18 03:17:00 +0000  copying file ./PrivacyInfo.xcprivacy ... 
2025-09-18 03:17:00 +0000  1339 bytes for ./PrivacyInfo.xcprivacy
2025-09-18 03:17:00 +0000  copying file ./ExpoNotifications_privacy.bundle/PrivacyInfo.xcprivacy ... 
2025-09-18 03:17:00 +0000  607 bytes for ./ExpoNotifications_privacy.bundle/PrivacyInfo.xcprivacy
2025-09-18 03:17:00 +0000  copying file ./ExpoNotifications_privacy.bundle/Info.plist ... 
2025-09-18 03:17:00 +0000  795 bytes for ./ExpoNotifications_privacy.bundle/Info.plist
2025-09-18 03:17:00 +0000  copying file ./RNSVGFilters.bundle/RNSVGArithmeticFilter.iphoneos.metallib ... 
2025-09-18 03:17:00 +0000  3993 bytes for ./RNSVGFilters.bundle/RNSVGArithmeticFilter.iphoneos.metallib
2025-09-18 03:17:00 +0000  copying file ./RNSVGFilters.bundle/RNSVGCompositeXor.iphoneos.metallib ... 
2025-09-18 03:17:00 +0000  3509 bytes for ./RNSVGFilters.bundle/RNSVGCompositeXor.iphoneos.metallib
2025-09-18 03:17:00 +0000  copying file ./RNSVGFilters.bundle/Info.plist ... 
2025-09-18 03:17:00 +0000  768 bytes for ./RNSVGFilters.bundle/Info.plist
2025-09-18 03:17:00 +0000  copying file ./boost_privacy.bundle/Info.plist ... 
2025-09-18 03:17:00 +0000  769 bytes for ./boost_privacy.bundle/Info.plist
2025-09-18 03:17:00 +0000  copying file ./ReactNativeMapsPrivacy.bundle/PrivacyInfo.xcprivacy ... 
2025-09-18 03:17:00 +0000  1209 bytes for ./ReactNativeMapsPrivacy.bundle/PrivacyInfo.xcprivacy
2025-09-18 03:17:00 +0000  copying file ./ReactNativeMapsPrivacy.bundle/Info.plist ... 
2025-09-18 03:17:00 +0000  789 bytes for ./ReactNativeMapsPrivacy.bundle/Info.plist
2025-09-18 03:17:00 +0000  copying file ./Frameworks/hermes.framework/_CodeSignature/CodeResources ... 
2025-09-18 03:17:00 +0000  1798 bytes for ./Frameworks/hermes.framework/_CodeSignature/CodeResources
2025-09-18 03:17:00 +0000  copying file ./Frameworks/hermes.framework/hermes ... 
2025-09-18 03:17:00 +0000  4673168 bytes for ./Frameworks/hermes.framework/hermes
2025-09-18 03:17:00 +0000  copying file ./Frameworks/hermes.framework/Info.plist ... 
2025-09-18 03:17:00 +0000  859 bytes for ./Frameworks/hermes.framework/Info.plist
2025-09-18 03:17:00 +0000  copying file ./SimpleLineIcons.ttf ... 
2025-09-18 03:17:00 +0000  54056 bytes for ./SimpleLineIcons.ttf
2025-09-18 03:17:00 +0000  copying file ./FontAwesome6_Brands.ttf ... 
2025-09-18 03:17:00 +0000  209376 bytes for ./FontAwesome6_Brands.ttf
2025-09-18 03:17:00 +0000  copying file ./embedded.mobileprovision ... 
2025-09-18 03:17:00 +0000  12498 bytes for ./embedded.mobileprovision
2025-09-18 03:17:00 +0000  copying file ./assets/node_modules/@react-navigation/elements/lib/module/assets/back-icon@3x.png ... 
2025-09-18 03:17:00 +0000  761 bytes for ./assets/node_modules/@react-navigation/elements/lib/module/assets/back-icon@3x.png
2025-09-18 03:17:00 +0000  copying file ./assets/node_modules/@react-navigation/elements/lib/module/assets/back-icon@2x.png ... 
2025-09-18 03:17:00 +0000  405 bytes for ./assets/node_modules/@react-navigation/elements/lib/module/assets/back-icon@2x.png
2025-09-18 03:17:00 +0000  copying file ./assets/node_modules/@react-navigation/elements/lib/module/assets/search-icon@2x.png ... 
2025-09-18 03:17:00 +0000  589 bytes for ./assets/node_modules/@react-navigation/elements/lib/module/assets/search-icon@2x.png
2025-09-18 03:17:00 +0000  copying file ./assets/node_modules/@react-navigation/elements/lib/module/assets/clear-icon@3x.png ... 
2025-09-18 03:17:00 +0000  502 bytes for ./assets/node_modules/@react-navigation/elements/lib/module/assets/clear-icon@3x.png
2025-09-18 03:17:00 +0000  copying file ./assets/node_modules/@react-navigation/elements/lib/module/assets/back-icon.png ... 
2025-09-18 03:17:00 +0000  290 bytes for ./assets/node_modules/@react-navigation/elements/lib/module/assets/back-icon.png
2025-09-18 03:17:00 +0000  copying file ./assets/node_modules/@react-navigation/elements/lib/module/assets/clear-icon@2x.png ... 
2025-09-18 03:17:00 +0000  334 bytes for ./assets/node_modules/@react-navigation/elements/lib/module/assets/clear-icon@2x.png
2025-09-18 03:17:00 +0000  copying file ./assets/node_modules/@react-navigation/elements/lib/module/assets/search-icon@3x.png ... 
2025-09-18 03:17:00 +0000  839 bytes for ./assets/node_modules/@react-navigation/elements/lib/module/assets/search-icon@3x.png
2025-09-18 03:17:00 +0000  copying file ./assets/node_modules/@react-navigation/elements/lib/module/assets/close-icon.png ... 
2025-09-18 03:17:00 +0000  141 bytes for ./assets/node_modules/@react-navigation/elements/lib/module/assets/close-icon.png
2025-09-18 03:17:00 +0000  copying file ./assets/node_modules/@react-navigation/elements/lib/module/assets/back-icon-mask.png ... 
2025-09-18 03:17:00 +0000  653 bytes for ./assets/node_modules/@react-navigation/elements/lib/module/assets/back-icon-mask.png
2025-09-18 03:17:00 +0000  copying file ./assets/node_modules/@react-navigation/elements/lib/module/assets/close-icon@2x.png ... 
2025-09-18 03:17:00 +0000  201 bytes for ./assets/node_modules/@react-navigation/elements/lib/module/assets/close-icon@2x.png
2025-09-18 03:17:00 +0000  copying file ./assets/node_modules/@react-navigation/elements/lib/module/assets/close-icon@3x.png ... 
2025-09-18 03:17:00 +0000  266 bytes for ./assets/node_modules/@react-navigation/elements/lib/module/assets/close-icon@3x.png
2025-09-18 03:17:00 +0000  copying file ./assets/node_modules/@react-navigation/elements/lib/module/assets/clear-icon.png ... 
2025-09-18 03:17:00 +0000  220 bytes for ./assets/node_modules/@react-navigation/elements/lib/module/assets/clear-icon.png
2025-09-18 03:17:00 +0000  copying file ./assets/node_modules/@react-navigation/elements/lib/module/assets/search-icon.png ... 
2025-09-18 03:17:00 +0000  317 bytes for ./assets/node_modules/@react-navigation/elements/lib/module/assets/search-icon.png
2025-09-18 03:17:00 +0000  copying file ./assets/node_modules/@expo/vector-icons/build/vendor/react-native-vector-icons/Fonts/Fontisto.ttf ... 
2025-09-18 03:17:00 +0000  313528 bytes for ./assets/node_modules/@expo/vector-icons/build/vendor/react-native-vector-icons/Fonts/Fontisto.ttf
2025-09-18 03:17:00 +0000  copying file ./assets/node_modules/@expo/vector-icons/build/vendor/react-native-vector-icons/Fonts/Octicons.ttf ... 
2025-09-18 03:17:00 +0000  49404 bytes for ./assets/node_modules/@expo/vector-icons/build/vendor/react-native-vector-icons/Fonts/Octicons.ttf
2025-09-18 03:17:00 +0000  copying file ./assets/node_modules/@expo/vector-icons/build/vendor/react-native-vector-icons/Fonts/Feather.ttf ... 
2025-09-18 03:17:00 +0000  56228 bytes for ./assets/node_modules/@expo/vector-icons/build/vendor/react-native-vector-icons/Fonts/Feather.ttf
2025-09-18 03:17:00 +0000  copying file ./assets/node_modules/@expo/vector-icons/build/vendor/react-native-vector-icons/Fonts/FontAwesome6_Regular.ttf ... 
2025-09-18 03:17:00 +0000  67976 bytes for ./assets/node_modules/@expo/vector-icons/build/vendor/react-native-vector-icons/Fonts/FontAwesome6_Regular.ttf
2025-09-18 03:17:00 +0000  copying file ./assets/node_modules/@expo/vector-icons/build/vendor/react-native-vector-icons/Fonts/Entypo.ttf ... 
2025-09-18 03:17:00 +0000  66200 bytes for ./assets/node_modules/@expo/vector-icons/build/vendor/react-native-vector-icons/Fonts/Entypo.ttf
2025-09-18 03:17:00 +0000  copying file ./assets/node_modules/@expo/vector-icons/build/vendor/react-native-vector-icons/Fonts/FontAwesome5_Brands.ttf ... 
2025-09-18 03:17:00 +0000  134040 bytes for ./assets/node_modules/@expo/vector-icons/build/vendor/react-native-vector-icons/Fonts/FontAwesome5_Brands.ttf
2025-09-18 03:17:00 +0000  copying file ./assets/node_modules/@expo/vector-icons/build/vendor/react-native-vector-icons/Fonts/MaterialCommunityIcons.ttf ... 
2025-09-18 03:17:00 +0000  1147844 bytes for ./assets/node_modules/@expo/vector-icons/build/vendor/react-native-vector-icons/Fonts/MaterialCommunityIcons.ttf
2025-09-18 03:17:00 +0000  copying file ./assets/node_modules/@expo/vector-icons/build/vendor/react-native-vector-icons/Fonts/AntDesign.ttf ... 
2025-09-18 03:17:00 +0000  70344 bytes for ./assets/node_modules/@expo/vector-icons/build/vendor/react-native-vector-icons/Fonts/AntDesign.ttf
2025-09-18 03:17:00 +0000  copying file ./assets/node_modules/@expo/vector-icons/build/vendor/react-native-vector-icons/Fonts/Foundation.ttf ... 
2025-09-18 03:17:00 +0000  56976 bytes for ./assets/node_modules/@expo/vector-icons/build/vendor/react-native-vector-icons/Fonts/Foundation.ttf
2025-09-18 03:17:00 +0000  copying file ./assets/node_modules/@expo/vector-icons/build/vendor/react-native-vector-icons/Fonts/Ionicons.ttf ... 
2025-09-18 03:17:00 +0000  442604 bytes for ./assets/node_modules/@expo/vector-icons/build/vendor/react-native-vector-icons/Fonts/Ionicons.ttf
2025-09-18 03:17:00 +0000  copying file ./assets/node_modules/@expo/vector-icons/build/vendor/react-native-vector-icons/Fonts/FontAwesome5_Solid.ttf ... 
2025-09-18 03:17:00 +0000  202744 bytes for ./assets/node_modules/@expo/vector-icons/build/vendor/react-native-vector-icons/Fonts/FontAwesome5_Solid.ttf
2025-09-18 03:17:00 +0000  copying file ./assets/node_modules/@expo/vector-icons/build/vendor/react-native-vector-icons/Fonts/FontAwesome5_Regular.ttf ... 
2025-09-18 03:17:00 +0000  33736 bytes for ./assets/node_modules/@expo/vector-icons/build/vendor/react-native-vector-icons/Fonts/FontAwesome5_Regular.ttf
2025-09-18 03:17:00 +0000  copying file ./assets/node_modules/@expo/vector-icons/build/vendor/react-native-vector-icons/Fonts/FontAwesome.ttf ... 
2025-09-18 03:17:00 +0000  165548 bytes for ./assets/node_modules/@expo/vector-icons/build/vendor/react-native-vector-icons/Fonts/FontAwesome.ttf
2025-09-18 03:17:00 +0000  copying file ./assets/node_modules/@expo/vector-icons/build/vendor/react-native-vector-icons/Fonts/Zocial.ttf ... 
2025-09-18 03:17:00 +0000  25788 bytes for ./assets/node_modules/@expo/vector-icons/build/vendor/react-native-vector-icons/Fonts/Zocial.ttf
2025-09-18 03:17:00 +0000  copying file ./assets/node_modules/@expo/vector-icons/build/vendor/react-native-vector-icons/Fonts/EvilIcons.ttf ... 
2025-09-18 03:17:00 +0000  13456 bytes for ./assets/node_modules/@expo/vector-icons/build/vendor/react-native-vector-icons/Fonts/EvilIcons.ttf
2025-09-18 03:17:00 +0000  copying file ./assets/node_modules/@expo/vector-icons/build/vendor/react-native-vector-icons/Fonts/FontAwesome6_Solid.ttf ... 
2025-09-18 03:17:00 +0000  423676 bytes for ./assets/node_modules/@expo/vector-icons/build/vendor/react-native-vector-icons/Fonts/FontAwesome6_Solid.ttf
2025-09-18 03:17:00 +0000  copying file ./assets/node_modules/@expo/vector-icons/build/vendor/react-native-vector-icons/Fonts/SimpleLineIcons.ttf ... 
2025-09-18 03:17:00 +0000  54056 bytes for ./assets/node_modules/@expo/vector-icons/build/vendor/react-native-vector-icons/Fonts/SimpleLineIcons.ttf
2025-09-18 03:17:00 +0000  copying file ./assets/node_modules/@expo/vector-icons/build/vendor/react-native-vector-icons/Fonts/FontAwesome6_Brands.ttf ... 
2025-09-18 03:17:00 +0000  209376 bytes for ./assets/node_modules/@expo/vector-icons/build/vendor/react-native-vector-icons/Fonts/FontAwesome6_Brands.ttf
2025-09-18 03:17:00 +0000  copying file ./assets/node_modules/@expo/vector-icons/build/vendor/react-native-vector-icons/Fonts/MaterialIcons.ttf ... 
2025-09-18 03:17:00 +0000  356840 bytes for ./assets/node_modules/@expo/vector-icons/build/vendor/react-native-vector-icons/Fonts/MaterialIcons.ttf
2025-09-18 03:17:00 +0000  copying file ./assets/node_modules/react-native-google-places-autocomplete/images/powered_by_google_on_white@2x.png ... 
2025-09-18 03:17:00 +0000  1731 bytes for ./assets/node_modules/react-native-google-places-autocomplete/images/powered_by_google_on_white@2x.png
2025-09-18 03:17:00 +0000  copying file ./assets/node_modules/react-native-google-places-autocomplete/images/powered_by_google_on_white@3x.png ... 
2025-09-18 03:17:00 +0000  4232 bytes for ./assets/node_modules/react-native-google-places-autocomplete/images/powered_by_google_on_white@3x.png
2025-09-18 03:17:00 +0000  copying file ./assets/node_modules/react-native-google-places-autocomplete/images/powered_by_google_on_white.png ... 
2025-09-18 03:17:00 +0000  1563 bytes for ./assets/node_modules/react-native-google-places-autocomplete/images/powered_by_google_on_white.png
2025-09-18 03:17:00 +0000  copying file ./assets/assets/SocialCircleLogoClear.png ... 
2025-09-18 03:17:00 +0000  156231 bytes for ./assets/assets/SocialCircleLogoClear.png
2025-09-18 03:17:00 +0000  copying file ./assets/assets/smileDefault.png ... 
2025-09-18 03:17:00 +0000  1010 bytes for ./assets/assets/smileDefault.png
2025-09-18 03:17:00 +0000  copying file ./GoogleMapsResources.bundle/GoogleMaps.bundle/bubble_left@3x.png ... 
2025-09-18 03:17:00 +0000  2386 bytes for ./GoogleMapsResources.bundle/GoogleMaps.bundle/bubble_left@3x.png
2025-09-18 03:17:00 +0000  copying file ./GoogleMapsResources.bundle/GoogleMaps.bundle/bubble_left.png ... 
2025-09-18 03:17:00 +0000  451 bytes for ./GoogleMapsResources.bundle/GoogleMaps.bundle/bubble_left.png
2025-09-18 03:17:00 +0000  copying file ./GoogleMapsResources.bundle/GoogleMaps.bundle/bubble_left@2x.png ... 
2025-09-18 03:17:00 +0000  1055 bytes for ./GoogleMapsResources.bundle/GoogleMaps.bundle/bubble_left@2x.png
2025-09-18 03:17:00 +0000  copying file ./GoogleMapsResources.bundle/GoogleMaps.bundle/bubble_right@3x.png ... 
2025-09-18 03:17:00 +0000  2374 bytes for ./GoogleMapsResources.bundle/GoogleMaps.bundle/bubble_right@3x.png
2025-09-18 03:17:00 +0000  copying file ./GoogleMapsResources.bundle/GoogleMaps.bundle/ic_error.png ... 
2025-09-18 03:17:00 +0000  236 bytes for ./GoogleMapsResources.bundle/GoogleMaps.bundle/ic_error.png
2025-09-18 03:17:00 +0000  copying file ./GoogleMapsResources.bundle/GoogleMaps.bundle/bubble_right@2x.png ... 
2025-09-18 03:17:00 +0000  1051 bytes for ./GoogleMapsResources.bundle/GoogleMaps.bundle/bubble_right@2x.png
2025-09-18 03:17:00 +0000  copying file ./GoogleMapsResources.bundle/GoogleMaps.bundle/GMSCoreResources.bundle/de.lproj/GMSCore.strings ... 
2025-09-18 03:17:00 +0000  4308 bytes for ./GoogleMapsResources.bundle/GoogleMaps.bundle/GMSCoreResources.bundle/de.lproj/GMSCore.strings
2025-09-18 03:17:00 +0000  copying file ./GoogleMapsResources.bundle/GoogleMaps.bundle/GMSCoreResources.bundle/he.lproj/GMSCore.strings ... 
2025-09-18 03:17:00 +0000  4436 bytes for ./GoogleMapsResources.bundle/GoogleMaps.bundle/GMSCoreResources.bundle/he.lproj/GMSCore.strings
2025-09-18 03:17:00 +0000  copying file ./GoogleMapsResources.bundle/GoogleMaps.bundle/GMSCoreResources.bundle/en_AU.lproj/GMSCore.strings ... 
2025-09-18 03:17:00 +0000  4078 bytes for ./GoogleMapsResources.bundle/GoogleMaps.bundle/GMSCoreResources.bundle/en_AU.lproj/GMSCore.strings
2025-09-18 03:17:00 +0000  copying file ./GoogleMapsResources.bundle/GoogleMaps.bundle/GMSCoreResources.bundle/ic_covid_medical_waypoint_alert_32pt@2x.png ... 
2025-09-18 03:17:00 +0000  943 bytes for ./GoogleMapsResources.bundle/GoogleMaps.bundle/GMSCoreResources.bundle/ic_covid_medical_waypoint_alert_32pt@2x.png
2025-09-18 03:17:00 +0000  copying file ./GoogleMapsResources.bundle/GoogleMaps.bundle/GMSCoreResources.bundle/ar.lproj/GMSCore.strings ... 
2025-09-18 03:17:00 +0000  5230 bytes for ./GoogleMapsResources.bundle/GoogleMaps.bundle/GMSCoreResources.bundle/ar.lproj/GMSCore.strings
2025-09-18 03:17:00 +0000  copying file ./GoogleMapsResources.bundle/GoogleMaps.bundle/GMSCoreResources.bundle/el.lproj/GMSCore.strings ... 
2025-09-18 03:17:00 +0000  4694 bytes for ./GoogleMapsResources.bundle/GoogleMaps.bundle/GMSCoreResources.bundle/el.lproj/GMSCore.strings
2025-09-18 03:17:00 +0000  copying file ./GoogleMapsResources.bundle/GoogleMaps.bundle/GMSCoreResources.bundle/ja.lproj/GMSCore.strings ... 
2025-09-18 03:17:00 +0000  3880 bytes for ./GoogleMapsResources.bundle/GoogleMaps.bundle/GMSCoreResources.bundle/ja.lproj/GMSCore.strings
2025-09-18 03:17:00 +0000  copying file ./GoogleMapsResources.bundle/GoogleMaps.bundle/GMSCoreResources.bundle/ic_covid_checkpoint_waypoint_alert_night_32pt.png ... 
2025-09-18 03:17:00 +0000  602 bytes for ./GoogleMapsResources.bundle/GoogleMaps.bundle/GMSCoreResources.bundle/ic_covid_checkpoint_waypoint_alert_night_32pt.png
2025-09-18 03:17:00 +0000  copying file ./GoogleMapsResources.bundle/GoogleMaps.bundle/GMSCoreResources.bundle/sq.lproj/GMSCore.strings ... 
2025-09-18 03:17:00 +0000  4410 bytes for ./GoogleMapsResources.bundle/GoogleMaps.bundle/GMSCoreResources.bundle/sq.lproj/GMSCore.strings
2025-09-18 03:17:00 +0000  copying file ./GoogleMapsResources.bundle/GoogleMaps.bundle/GMSCoreResources.bundle/ic_qu_direction_mylocation@2x.png ... 
2025-09-18 03:17:00 +0000  663 bytes for ./GoogleMapsResources.bundle/GoogleMaps.bundle/GMSCoreResources.bundle/ic_qu_direction_mylocation@2x.png
2025-09-18 03:17:00 +0000  copying file ./GoogleMapsResources.bundle/GoogleMaps.bundle/GMSCoreResources.bundle/en.lproj/GMSCore.strings ... 
2025-09-18 03:17:00 +0000  4061 bytes for ./GoogleMapsResources.bundle/GoogleMaps.bundle/GMSCoreResources.bundle/en.lproj/GMSCore.strings
2025-09-18 03:17:00 +0000  copying file ./GoogleMapsResources.bundle/GoogleMaps.bundle/GMSCoreResources.bundle/ic_covid_border_waypoint_alert_32pt.png ... 
2025-09-18 03:17:00 +0000  422 bytes for ./GoogleMapsResources.bundle/GoogleMaps.bundle/GMSCoreResources.bundle/ic_covid_border_waypoint_alert_32pt.png
2025-09-18 03:17:00 +0000  copying file ./GoogleMapsResources.bundle/GoogleMaps.bundle/GMSCoreResources.bundle/uk.lproj/GMSCore.strings ... 
2025-09-18 03:17:00 +0000  4963 bytes for ./GoogleMapsResources.bundle/GoogleMaps.bundle/GMSCoreResources.bundle/uk.lproj/GMSCore.strings
2025-09-18 03:17:00 +0000  copying file ./GoogleMapsResources.bundle/GoogleMaps.bundle/GMSCoreResources.bundle/ic_qu_direction_mylocation.png ... 
2025-09-18 03:17:00 +0000  362 bytes for ./GoogleMapsResources.bundle/GoogleMaps.bundle/GMSCoreResources.bundle/ic_qu_direction_mylocation.png
2025-09-18 03:17:00 +0000  copying file ./GoogleMapsResources.bundle/GoogleMaps.bundle/GMSCoreResources.bundle/es_419.lproj/GMSCore.strings ... 
2025-09-18 03:17:00 +0000  4376 bytes for ./GoogleMapsResources.bundle/GoogleMaps.bundle/GMSCoreResources.bundle/es_419.lproj/GMSCore.strings
2025-09-18 03:17:00 +0000  copying file ./GoogleMapsResources.bundle/GoogleMaps.bundle/GMSCoreResources.bundle/GMSSprites-0-1x.png ... 
2025-09-18 03:17:00 +0000  13906 bytes for ./GoogleMapsResources.bundle/GoogleMaps.bundle/GMSCoreResources.bundle/GMSSprites-0-1x.png
2025-09-18 03:17:00 +0000  copying file ./GoogleMapsResources.bundle/GoogleMaps.bundle/GMSCoreResources.bundle/ic_compass_needle_large@2x.png ... 
2025-09-18 03:17:00 +0000  2446 bytes for ./GoogleMapsResources.bundle/GoogleMaps.bundle/GMSCoreResources.bundle/ic_compass_needle_large@2x.png
2025-09-18 03:17:00 +0000  copying file ./GoogleMapsResources.bundle/GoogleMaps.bundle/GMSCoreResources.bundle/ic_compass_needle_large@3x.png ... 
2025-09-18 03:17:00 +0000  3304 bytes for ./GoogleMapsResources.bundle/GoogleMaps.bundle/GMSCoreResources.bundle/ic_compass_needle_large@3x.png
2025-09-18 03:17:00 +0000  copying file ./GoogleMapsResources.bundle/GoogleMaps.bundle/GMSCoreResources.bundle/es_MX.lproj/GMSCore.strings ... 
2025-09-18 03:17:00 +0000  4376 bytes for ./GoogleMapsResources.bundle/GoogleMaps.bundle/GMSCoreResources.bundle/es_MX.lproj/GMSCore.strings
2025-09-18 03:17:00 +0000  copying file ./GoogleMapsResources.bundle/GoogleMaps.bundle/GMSCoreResources.bundle/ic_compass_needle_large.png ... 
2025-09-18 03:17:00 +0000  1114 bytes for ./GoogleMapsResources.bundle/GoogleMaps.bundle/GMSCoreResources.bundle/ic_compass_needle_large.png
2025-09-18 03:17:00 +0000  copying file ./GoogleMapsResources.bundle/GoogleMaps.bundle/GMSCoreResources.bundle/zh_CN.lproj/GMSCore.strings ... 
2025-09-18 03:17:00 +0000  3871 bytes for ./GoogleMapsResources.bundle/GoogleMaps.bundle/GMSCoreResources.bundle/zh_CN.lproj/GMSCore.strings
2025-09-18 03:17:00 +0000  copying file ./GoogleMapsResources.bundle/GoogleMaps.bundle/GMSCoreResources.bundle/ic_qu_direction_mylocation@3x.png ... 
2025-09-18 03:17:00 +0000  1240 bytes for ./GoogleMapsResources.bundle/GoogleMaps.bundle/GMSCoreResources.bundle/ic_qu_direction_mylocation@3x.png
2025-09-18 03:17:00 +0000  copying file ./GoogleMapsResources.bundle/GoogleMaps.bundle/GMSCoreResources.bundle/DroidSansMerged-Regular.ttf ... 
2025-09-18 03:17:00 +0000  392092 bytes for ./GoogleMapsResources.bundle/GoogleMaps.bundle/GMSCoreResources.bundle/DroidSansMerged-Regular.ttf
2025-09-18 03:17:00 +0000  copying file ./GoogleMapsResources.bundle/GoogleMaps.bundle/GMSCoreResources.bundle/nb.lproj/GMSCore.strings ... 
2025-09-18 03:17:00 +0000  4211 bytes for ./GoogleMapsResources.bundle/GoogleMaps.bundle/GMSCoreResources.bundle/nb.lproj/GMSCore.strings
2025-09-18 03:17:00 +0000  copying file ./GoogleMapsResources.bundle/GoogleMaps.bundle/GMSCoreResources.bundle/es.lproj/GMSCore.strings ... 
2025-09-18 03:17:00 +0000  4377 bytes for ./GoogleMapsResources.bundle/GoogleMaps.bundle/GMSCoreResources.bundle/es.lproj/GMSCore.strings
2025-09-18 03:17:00 +0000  copying file ./GoogleMapsResources.bundle/GoogleMaps.bundle/GMSCoreResources.bundle/sw.lproj/GMSCore.strings ... 
2025-09-18 03:17:00 +0000  4171 bytes for ./GoogleMapsResources.bundle/GoogleMaps.bundle/GMSCoreResources.bundle/sw.lproj/GMSCore.strings
2025-09-18 03:17:00 +0000  copying file ./GoogleMapsResources.bundle/GoogleMaps.bundle/GMSCoreResources.bundle/ic_covid_medical_waypoint_alert_32pt@3x.png ... 
2025-09-18 03:17:00 +0000  1203 bytes for ./GoogleMapsResources.bundle/GoogleMaps.bundle/GMSCoreResources.bundle/ic_covid_medical_waypoint_alert_32pt@3x.png
2025-09-18 03:17:00 +0000  copying file ./GoogleMapsResources.bundle/GoogleMaps.bundle/GMSCoreResources.bundle/pt_BR.lproj/GMSCore.strings ... 
2025-09-18 03:17:00 +0000  4388 bytes for ./GoogleMapsResources.bundle/GoogleMaps.bundle/GMSCoreResources.bundle/pt_BR.lproj/GMSCore.strings
2025-09-18 03:17:00 +0000  copying file ./GoogleMapsResources.bundle/GoogleMaps.bundle/GMSCoreResources.bundle/da.lproj/GMSCore.strings ... 
2025-09-18 03:17:00 +0000  4321 bytes for ./GoogleMapsResources.bundle/GoogleMaps.bundle/GMSCoreResources.bundle/da.lproj/GMSCore.strings
2025-09-18 03:17:00 +0000  copying file ./GoogleMapsResources.bundle/GoogleMaps.bundle/GMSCoreResources.bundle/ic_location_off@3x.png ... 
2025-09-18 03:17:00 +0000  1577 bytes for ./GoogleMapsResources.bundle/GoogleMaps.bundle/GMSCoreResources.bundle/ic_location_off@3x.png
2025-09-18 03:17:00 +0000  copying file ./GoogleMapsResources.bundle/GoogleMaps.bundle/GMSCoreResources.bundle/it.lproj/GMSCore.strings ... 
2025-09-18 03:17:00 +0000  4115 bytes for ./GoogleMapsResources.bundle/GoogleMaps.bundle/GMSCoreResources.bundle/it.lproj/GMSCore.strings
2025-09-18 03:17:00 +0000  copying file ./GoogleMapsResources.bundle/GoogleMaps.bundle/GMSCoreResources.bundle/sk.lproj/GMSCore.strings ... 
2025-09-18 03:17:00 +0000  4441 bytes for ./GoogleMapsResources.bundle/GoogleMaps.bundle/GMSCoreResources.bundle/sk.lproj/GMSCore.strings
2025-09-18 03:17:00 +0000  copying file ./GoogleMapsResources.bundle/GoogleMaps.bundle/GMSCoreResources.bundle/GMSNavSprites-0-3x.png ... 
2025-09-18 03:17:00 +0000  20924 bytes for ./GoogleMapsResources.bundle/GoogleMaps.bundle/GMSCoreResources.bundle/GMSNavSprites-0-3x.png
2025-09-18 03:17:00 +0000  copying file ./GoogleMapsResources.bundle/GoogleMaps.bundle/GMSCoreResources.bundle/pt_PT.lproj/GMSCore.strings ... 
2025-09-18 03:17:00 +0000  4389 bytes for ./GoogleMapsResources.bundle/GoogleMaps.bundle/GMSCoreResources.bundle/pt_PT.lproj/GMSCore.strings
2025-09-18 03:17:00 +0000  copying file ./GoogleMapsResources.bundle/GoogleMaps.bundle/GMSCoreResources.bundle/button_compass_night.png ... 
2025-09-18 03:17:00 +0000  720 bytes for ./GoogleMapsResources.bundle/GoogleMaps.bundle/GMSCoreResources.bundle/button_compass_night.png
2025-09-18 03:17:00 +0000  copying file ./GoogleMapsResources.bundle/GoogleMaps.bundle/GMSCoreResources.bundle/button_my_location.png ... 
2025-09-18 03:17:00 +0000  492 bytes for ./GoogleMapsResources.bundle/GoogleMaps.bundle/GMSCoreResources.bundle/button_my_location.png
2025-09-18 03:17:00 +0000  copying file ./GoogleMapsResources.bundle/GoogleMaps.bundle/GMSCoreResources.bundle/road_16-4.png ... 
2025-09-18 03:17:00 +0000  127 bytes for ./GoogleMapsResources.bundle/GoogleMaps.bundle/GMSCoreResources.bundle/road_16-4.png
2025-09-18 03:17:00 +0000  copying file ./GoogleMapsResources.bundle/GoogleMaps.bundle/GMSCoreResources.bundle/sr.lproj/GMSCore.strings ... 
2025-09-18 03:17:00 +0000  4754 bytes for ./GoogleMapsResources.bundle/GoogleMaps.bundle/GMSCoreResources.bundle/sr.lproj/GMSCore.strings
2025-09-18 03:17:00 +0000  copying file ./GoogleMapsResources.bundle/GoogleMaps.bundle/GMSCoreResources.bundle/ms.lproj/GMSCore.strings ... 
2025-09-18 03:17:00 +0000  4033 bytes for ./GoogleMapsResources.bundle/GoogleMaps.bundle/GMSCoreResources.bundle/ms.lproj/GMSCore.strings
2025-09-18 03:17:00 +0000  copying file ./GoogleMapsResources.bundle/GoogleMaps.bundle/GMSCoreResources.bundle/road_256-64.png ... 
2025-09-18 03:17:00 +0000  1934 bytes for ./GoogleMapsResources.bundle/GoogleMaps.bundle/GMSCoreResources.bundle/road_256-64.png
2025-09-18 03:17:00 +0000  copying file ./GoogleMapsResources.bundle/GoogleMaps.bundle/GMSCoreResources.bundle/button_compass.png ... 
2025-09-18 03:17:00 +0000  631 bytes for ./GoogleMapsResources.bundle/GoogleMaps.bundle/GMSCoreResources.bundle/button_compass.png
2025-09-18 03:17:00 +0000  copying file ./GoogleMapsResources.bundle/GoogleMaps.bundle/GMSCoreResources.bundle/sv.lproj/GMSCore.strings ... 
2025-09-18 03:17:00 +0000  4451 bytes for ./GoogleMapsResources.bundle/GoogleMaps.bundle/GMSCoreResources.bundle/sv.lproj/GMSCore.strings
2025-09-18 03:17:00 +0000  copying file ./GoogleMapsResources.bundle/GoogleMaps.bundle/GMSCoreResources.bundle/road_8-2.png ... 
2025-09-18 03:17:00 +0000  93 bytes for ./GoogleMapsResources.bundle/GoogleMaps.bundle/GMSCoreResources.bundle/road_8-2.png
2025-09-18 03:17:00 +0000  copying file ./GoogleMapsResources.bundle/GoogleMaps.bundle/GMSCoreResources.bundle/ic_closed_place_waypoint_alert_32pt.png ... 
2025-09-18 03:17:00 +0000  494 bytes for ./GoogleMapsResources.bundle/GoogleMaps.bundle/GMSCoreResources.bundle/ic_closed_place_waypoint_alert_32pt.png
2025-09-18 03:17:00 +0000  copying file ./GoogleMapsResources.bundle/GoogleMaps.bundle/GMSCoreResources.bundle/cs.lproj/GMSCore.strings ... 
2025-09-18 03:17:00 +0000  4667 bytes for ./GoogleMapsResources.bundle/GoogleMaps.bundle/GMSCoreResources.bundle/cs.lproj/GMSCore.strings
2025-09-18 03:17:00 +0000  copying file ./GoogleMapsResources.bundle/GoogleMaps.bundle/GMSCoreResources.bundle/button_background.png ... 
2025-09-18 03:17:00 +0000  334 bytes for ./GoogleMapsResources.bundle/GoogleMaps.bundle/GMSCoreResources.bundle/button_background.png
2025-09-18 03:17:00 +0000  copying file ./GoogleMapsResources.bundle/GoogleMaps.bundle/GMSCoreResources.bundle/GMSNavNightModeSprites-0-1x.png ... 
2025-09-18 03:17:00 +0000  3393 bytes for ./GoogleMapsResources.bundle/GoogleMaps.bundle/GMSCoreResources.bundle/GMSNavNightModeSprites-0-1x.png
2025-09-18 03:17:00 +0000  copying file ./GoogleMapsResources.bundle/GoogleMaps.bundle/GMSCoreResources.bundle/button_my_location@2x.png ... 
2025-09-18 03:17:00 +0000  1229 bytes for ./GoogleMapsResources.bundle/GoogleMaps.bundle/GMSCoreResources.bundle/button_my_location@2x.png
2025-09-18 03:17:00 +0000  copying file ./GoogleMapsResources.bundle/GoogleMaps.bundle/GMSCoreResources.bundle/en_IN.lproj/GMSCore.strings ... 
2025-09-18 03:17:00 +0000  4078 bytes for ./GoogleMapsResources.bundle/GoogleMaps.bundle/GMSCoreResources.bundle/en_IN.lproj/GMSCore.strings
2025-09-18 03:17:00 +0000  copying file ./GoogleMapsResources.bundle/GoogleMaps.bundle/GMSCoreResources.bundle/ko.lproj/GMSCore.strings ... 
2025-09-18 03:17:00 +0000  3904 bytes for ./GoogleMapsResources.bundle/GoogleMaps.bundle/GMSCoreResources.bundle/ko.lproj/GMSCore.strings
2025-09-18 03:17:00 +0000  copying file ./GoogleMapsResources.bundle/GoogleMaps.bundle/GMSCoreResources.bundle/GMSNavSprites-0-2x.png ... 
2025-09-18 03:17:00 +0000  13321 bytes for ./GoogleMapsResources.bundle/GoogleMaps.bundle/GMSCoreResources.bundle/GMSNavSprites-0-2x.png
2025-09-18 03:17:00 +0000  copying file ./GoogleMapsResources.bundle/GoogleMaps.bundle/GMSCoreResources.bundle/hy.lproj/GMSCore.strings ... 
2025-09-18 03:17:00 +0000  4312 bytes for ./GoogleMapsResources.bundle/GoogleMaps.bundle/GMSCoreResources.bundle/hy.lproj/GMSCore.strings
2025-09-18 03:17:00 +0000  copying file ./GoogleMapsResources.bundle/GoogleMaps.bundle/GMSCoreResources.bundle/ic_location_off@2x.png ... 
2025-09-18 03:17:00 +0000  860 bytes for ./GoogleMapsResources.bundle/GoogleMaps.bundle/GMSCoreResources.bundle/ic_location_off@2x.png
2025-09-18 03:17:00 +0000  copying file ./GoogleMapsResources.bundle/GoogleMaps.bundle/GMSCoreResources.bundle/my.lproj/GMSCore.strings ... 
2025-09-18 03:17:00 +0000  4524 bytes for ./GoogleMapsResources.bundle/GoogleMaps.bundle/GMSCoreResources.bundle/my.lproj/GMSCore.strings
2025-09-18 03:17:00 +0000  copying file ./GoogleMapsResources.bundle/GoogleMaps.bundle/GMSCoreResources.bundle/ic_covid_checkpoint_waypoint_alert_32pt@2x.png ... 
2025-09-18 03:17:00 +0000  1373 bytes for ./GoogleMapsResources.bundle/GoogleMaps.bundle/GMSCoreResources.bundle/ic_covid_checkpoint_waypoint_alert_32pt@2x.png
2025-09-18 03:17:00 +0000  copying file ./GoogleMapsResources.bundle/GoogleMaps.bundle/GMSCoreResources.bundle/GMSNavSprites-0-1x.png ... 
2025-09-18 03:17:00 +0000  5684 bytes for ./GoogleMapsResources.bundle/GoogleMaps.bundle/GMSCoreResources.bundle/GMSNavSprites-0-1x.png
2025-09-18 03:17:00 +0000  copying file ./GoogleMapsResources.bundle/GoogleMaps.bundle/GMSCoreResources.bundle/Tharlon-Regular.ttf ... 
2025-09-18 03:17:00 +0000  353228 bytes for ./GoogleMapsResources.bundle/GoogleMaps.bundle/GMSCoreResources.bundle/Tharlon-Regular.ttf
2025-09-18 03:17:00 +0000  copying file ./GoogleMapsResources.bundle/GoogleMaps.bundle/GMSCoreResources.bundle/hu.lproj/GMSCore.strings ... 
2025-09-18 03:17:00 +0000  4195 bytes for ./GoogleMapsResources.bundle/GoogleMaps.bundle/GMSCoreResources.bundle/hu.lproj/GMSCore.strings
2025-09-18 03:17:00 +0000  copying file ./GoogleMapsResources.bundle/GoogleMaps.bundle/GMSCoreResources.bundle/zh_HK.lproj/GMSCore.strings ... 
2025-09-18 03:17:00 +0000  3832 bytes for ./GoogleMapsResources.bundle/GoogleMaps.bundle/GMSCoreResources.bundle/zh_HK.lproj/GMSCore.strings
2025-09-18 03:17:00 +0000  copying file ./GoogleMapsResources.bundle/GoogleMaps.bundle/GMSCoreResources.bundle/road_4-1.png ... 
2025-09-18 03:17:00 +0000  74 bytes for ./GoogleMapsResources.bundle/GoogleMaps.bundle/GMSCoreResources.bundle/road_4-1.png
2025-09-18 03:17:00 +0000  copying file ./GoogleMapsResources.bundle/GoogleMaps.bundle/GMSCoreResources.bundle/ka.lproj/GMSCore.strings ... 
2025-09-18 03:17:00 +0000  4322 bytes for ./GoogleMapsResources.bundle/GoogleMaps.bundle/GMSCoreResources.bundle/ka.lproj/GMSCore.strings
2025-09-18 03:17:00 +0000  copying file ./GoogleMapsResources.bundle/GoogleMaps.bundle/GMSCoreResources.bundle/button_background@2x.png ... 
2025-09-18 03:17:00 +0000  433 bytes for ./GoogleMapsResources.bundle/GoogleMaps.bundle/GMSCoreResources.bundle/button_background@2x.png
2025-09-18 03:17:00 +0000  copying file ./GoogleMapsResources.bundle/GoogleMaps.bundle/GMSCoreResources.bundle/ic_compass_needle_32pt.png ... 
2025-09-18 03:17:00 +0000  742 bytes for ./GoogleMapsResources.bundle/GoogleMaps.bundle/GMSCoreResources.bundle/ic_compass_needle_32pt.png
2025-09-18 03:17:00 +0000  copying file ./GoogleMapsResources.bundle/GoogleMaps.bundle/GMSCoreResources.bundle/ic_compass_needle@2x.png ... 
2025-09-18 03:17:00 +0000  992 bytes for ./GoogleMapsResources.bundle/GoogleMaps.bundle/GMSCoreResources.bundle/ic_compass_needle@2x.png
2025-09-18 03:17:00 +0000  copying file ./GoogleMapsResources.bundle/GoogleMaps.bundle/GMSCoreResources.bundle/Assets.car ... 
2025-09-18 03:17:00 +0000  48575 bytes for ./GoogleMapsResources.bundle/GoogleMaps.bundle/GMSCoreResources.bundle/Assets.car
2025-09-18 03:17:00 +0000  copying file ./GoogleMapsResources.bundle/GoogleMaps.bundle/GMSCoreResources.bundle/tr.lproj/GMSCore.strings ... 
2025-09-18 03:17:00 +0000  4175 bytes for ./GoogleMapsResources.bundle/GoogleMaps.bundle/GMSCoreResources.bundle/tr.lproj/GMSCore.strings
2025-09-18 03:17:00 +0000  copying file ./GoogleMapsResources.bundle/GoogleMaps.bundle/GMSCoreResources.bundle/pl.lproj/GMSCore.strings ... 
2025-09-18 03:17:00 +0000  4491 bytes for ./GoogleMapsResources.bundle/GoogleMaps.bundle/GMSCoreResources.bundle/pl.lproj/GMSCore.strings
2025-09-18 03:17:00 +0000  copying file ./GoogleMapsResources.bundle/GoogleMaps.bundle/GMSCoreResources.bundle/zh_TW.lproj/GMSCore.strings ... 
2025-09-18 03:17:00 +0000  3857 bytes for ./GoogleMapsResources.bundle/GoogleMaps.bundle/GMSCoreResources.bundle/zh_TW.lproj/GMSCore.strings
2025-09-18 03:17:00 +0000  copying file ./GoogleMapsResources.bundle/GoogleMaps.bundle/GMSCoreResources.bundle/ic_closed_place_waypoint_alert_32pt@3x.png ... 
2025-09-18 03:17:00 +0000  1643 bytes for ./GoogleMapsResources.bundle/GoogleMaps.bundle/GMSCoreResources.bundle/ic_closed_place_waypoint_alert_32pt@3x.png
2025-09-18 03:17:00 +0000  copying file ./GoogleMapsResources.bundle/GoogleMaps.bundle/GMSCoreResources.bundle/GMSNavNightModeSprites-0-2x.png ... 
2025-09-18 03:17:00 +0000  7660 bytes for ./GoogleMapsResources.bundle/GoogleMaps.bundle/GMSCoreResources.bundle/GMSNavNightModeSprites-0-2x.png
2025-09-18 03:17:00 +0000  copying file ./GoogleMapsResources.bundle/GoogleMaps.bundle/GMSCoreResources.bundle/GMSNavNightModeSprites-0-3x.png ... 
2025-09-18 03:17:00 +0000  12519 bytes for ./GoogleMapsResources.bundle/GoogleMaps.bundle/GMSCoreResources.bundle/GMSNavNightModeSprites-0-3x.png
2025-09-18 03:17:00 +0000  copying file ./GoogleMapsResources.bundle/GoogleMaps.bundle/GMSCoreResources.bundle/ic_closed_place_waypoint_alert_32pt@2x.png ... 
2025-09-18 03:17:00 +0000  1210 bytes for ./GoogleMapsResources.bundle/GoogleMaps.bundle/GMSCoreResources.bundle/ic_closed_place_waypoint_alert_32pt@2x.png
2025-09-18 03:17:00 +0000  copying file ./GoogleMapsResources.bundle/GoogleMaps.bundle/GMSCoreResources.bundle/en_GB.lproj/GMSCore.strings ... 
2025-09-18 03:17:00 +0000  4078 bytes for ./GoogleMapsResources.bundle/GoogleMaps.bundle/GMSCoreResources.bundle/en_GB.lproj/GMSCore.strings
2025-09-18 03:17:00 +0000  copying file ./GoogleMapsResources.bundle/GoogleMaps.bundle/GMSCoreResources.bundle/dav_one_way_16_256.png ... 
2025-09-18 03:17:00 +0000  315 bytes for ./GoogleMapsResources.bundle/GoogleMaps.bundle/GMSCoreResources.bundle/dav_one_way_16_256.png
2025-09-18 03:17:00 +0000  copying file ./GoogleMapsResources.bundle/GoogleMaps.bundle/GMSCoreResources.bundle/road_2-1.png ... 
2025-09-18 03:17:00 +0000  84 bytes for ./GoogleMapsResources.bundle/GoogleMaps.bundle/GMSCoreResources.bundle/road_2-1.png
2025-09-18 03:17:00 +0000  copying file ./GoogleMapsResources.bundle/GoogleMaps.bundle/GMSCoreResources.bundle/vi.lproj/GMSCore.strings ... 
2025-09-18 03:17:00 +0000  4232 bytes for ./GoogleMapsResources.bundle/GoogleMaps.bundle/GMSCoreResources.bundle/vi.lproj/GMSCore.strings
2025-09-18 03:17:00 +0000  copying file ./GoogleMapsResources.bundle/GoogleMaps.bundle/GMSCoreResources.bundle/button_background@3x.png ... 
2025-09-18 03:17:00 +0000  515 bytes for ./GoogleMapsResources.bundle/GoogleMaps.bundle/GMSCoreResources.bundle/button_background@3x.png
2025-09-18 03:17:00 +0000  copying file ./GoogleMapsResources.bundle/GoogleMaps.bundle/GMSCoreResources.bundle/road_32-8.png ... 
2025-09-18 03:17:00 +0000  223 bytes for ./GoogleMapsResources.bundle/GoogleMaps.bundle/GMSCoreResources.bundle/road_32-8.png
2025-09-18 03:17:00 +0000  copying file ./GoogleMapsResources.bundle/GoogleMaps.bundle/GMSCoreResources.bundle/lv.lproj/GMSCore.strings ... 
2025-09-18 03:17:00 +0000  4617 bytes for ./GoogleMapsResources.bundle/GoogleMaps.bundle/GMSCoreResources.bundle/lv.lproj/GMSCore.strings
2025-09-18 03:17:00 +0000  copying file ./GoogleMapsResources.bundle/GoogleMaps.bundle/GMSCoreResources.bundle/lt.lproj/GMSCore.strings ... 
2025-09-18 03:17:00 +0000  4321 bytes for ./GoogleMapsResources.bundle/GoogleMaps.bundle/GMSCoreResources.bundle/lt.lproj/GMSCore.strings
2025-09-18 03:17:00 +0000  copying file ./GoogleMapsResources.bundle/GoogleMaps.bundle/GMSCoreResources.bundle/ru.lproj/GMSCore.strings ... 
2025-09-18 03:17:00 +0000  4771 bytes for ./GoogleMapsResources.bundle/GoogleMaps.bundle/GMSCoreResources.bundle/ru.lproj/GMSCore.strings
2025-09-18 03:17:00 +0000  copying file ./GoogleMapsResources.bundle/GoogleMaps.bundle/GMSCoreResources.bundle/GMSShaders.metallib ... 
2025-09-18 03:17:00 +0000  305549 bytes for ./GoogleMapsResources.bundle/GoogleMaps.bundle/GMSCoreResources.bundle/GMSShaders.metallib
2025-09-18 03:17:00 +0000  copying file ./GoogleMapsResources.bundle/GoogleMaps.bundle/GMSCoreResources.bundle/polyline_colors_texture_dim.png ... 
2025-09-18 03:17:00 +0000  7485 bytes for ./GoogleMapsResources.bundle/GoogleMaps.bundle/GMSCoreResources.bundle/polyline_colors_texture_dim.png
2025-09-18 03:17:00 +0000  copying file ./GoogleMapsResources.bundle/GoogleMaps.bundle/GMSCoreResources.bundle/ic_covid_checkpoint_waypoint_alert_32pt@3x.png ... 
2025-09-18 03:17:00 +0000  1826 bytes for ./GoogleMapsResources.bundle/GoogleMaps.bundle/GMSCoreResources.bundle/ic_covid_checkpoint_waypoint_alert_32pt@3x.png
2025-09-18 03:17:00 +0000  copying file ./GoogleMapsResources.bundle/GoogleMaps.bundle/GMSCoreResources.bundle/ic_closed_place_waypoint_alert_night_32pt.png ... 
2025-09-18 03:17:00 +0000  435 bytes for ./GoogleMapsResources.bundle/GoogleMaps.bundle/GMSCoreResources.bundle/ic_closed_place_waypoint_alert_night_32pt.png
2025-09-18 03:17:00 +0000  copying file ./GoogleMapsResources.bundle/GoogleMaps.bundle/GMSCoreResources.bundle/fr_CA.lproj/GMSCore.strings ... 
2025-09-18 03:17:00 +0000  4335 bytes for ./GoogleMapsResources.bundle/GoogleMaps.bundle/GMSCoreResources.bundle/fr_CA.lproj/GMSCore.strings
2025-09-18 03:17:00 +0000  copying file ./GoogleMapsResources.bundle/GoogleMaps.bundle/GMSCoreResources.bundle/ic_covid_checkpoint_waypoint_alert_night_32pt@3x.png ... 
2025-09-18 03:17:00 +0000  1841 bytes for ./GoogleMapsResources.bundle/GoogleMaps.bundle/GMSCoreResources.bundle/ic_covid_checkpoint_waypoint_alert_night_32pt@3x.png
2025-09-18 03:17:00 +0000  copying file ./GoogleMapsResources.bundle/GoogleMaps.bundle/GMSCoreResources.bundle/ic_compass_needle_32pt@2x.png ... 
2025-09-18 03:17:00 +0000  1360 bytes for ./GoogleMapsResources.bundle/GoogleMaps.bundle/GMSCoreResources.bundle/ic_compass_needle_32pt@2x.png
2025-09-18 03:17:00 +0000  copying file ./GoogleMapsResources.bundle/GoogleMaps.bundle/GMSCoreResources.bundle/road_128-32.png ... 
2025-09-18 03:17:00 +0000  1029 bytes for ./GoogleMapsResources.bundle/GoogleMaps.bundle/GMSCoreResources.bundle/road_128-32.png
2025-09-18 03:17:00 +0000  copying file ./GoogleMapsResources.bundle/GoogleMaps.bundle/GMSCoreResources.bundle/uz.lproj/GMSCore.strings ... 
2025-09-18 03:17:00 +0000  4071 bytes for ./GoogleMapsResources.bundle/GoogleMaps.bundle/GMSCoreResources.bundle/uz.lproj/GMSCore.strings
2025-09-18 03:17:00 +0000  copying file ./GoogleMapsResources.bundle/GoogleMaps.bundle/GMSCoreResources.bundle/ic_covid_medical_waypoint_alert_32pt.png ... 
2025-09-18 03:17:00 +0000  441 bytes for ./GoogleMapsResources.bundle/GoogleMaps.bundle/GMSCoreResources.bundle/ic_covid_medical_waypoint_alert_32pt.png
2025-09-18 03:17:00 +0000  copying file ./GoogleMapsResources.bundle/GoogleMaps.bundle/GMSCoreResources.bundle/fr.lproj/GMSCore.strings ... 
2025-09-18 03:17:00 +0000  4633 bytes for ./GoogleMapsResources.bundle/GoogleMaps.bundle/GMSCoreResources.bundle/fr.lproj/GMSCore.strings
2025-09-18 03:17:00 +0000  copying file ./GoogleMapsResources.bundle/GoogleMaps.bundle/GMSCoreResources.bundle/fi.lproj/GMSCore.strings ... 
2025-09-18 03:17:00 +0000  4286 bytes for ./GoogleMapsResources.bundle/GoogleMaps.bundle/GMSCoreResources.bundle/fi.lproj/GMSCore.strings
2025-09-18 03:17:00 +0000  copying file ./GoogleMapsResources.bundle/GoogleMaps.bundle/GMSCoreResources.bundle/id.lproj/GMSCore.strings ... 
2025-09-18 03:17:00 +0000  3954 bytes for ./GoogleMapsResources.bundle/GoogleMaps.bundle/GMSCoreResources.bundle/id.lproj/GMSCore.strings
2025-09-18 03:17:00 +0000  copying file ./GoogleMapsResources.bundle/GoogleMaps.bundle/GMSCoreResources.bundle/nl.lproj/GMSCore.strings ... 
2025-09-18 03:17:00 +0000  4144 bytes for ./GoogleMapsResources.bundle/GoogleMaps.bundle/GMSCoreResources.bundle/nl.lproj/GMSCore.strings
2025-09-18 03:17:00 +0000  copying file ./GoogleMapsResources.bundle/GoogleMaps.bundle/GMSCoreResources.bundle/th.lproj/GMSCore.strings ... 
2025-09-18 03:17:00 +0000  4157 bytes for ./GoogleMapsResources.bundle/GoogleMaps.bundle/GMSCoreResources.bundle/th.lproj/GMSCore.strings
2025-09-18 03:17:00 +0000  copying file ./GoogleMapsResources.bundle/GoogleMaps.bundle/GMSCoreResources.bundle/ic_covid_medical_waypoint_alert_night_32pt@3x.png ... 
2025-09-18 03:17:00 +0000  1066 bytes for ./GoogleMapsResources.bundle/GoogleMaps.bundle/GMSCoreResources.bundle/ic_covid_medical_waypoint_alert_night_32pt@3x.png
2025-09-18 03:17:00 +0000  copying file ./GoogleMapsResources.bundle/GoogleMaps.bundle/GMSCoreResources.bundle/az.lproj/GMSCore.strings ... 
2025-09-18 03:17:00 +0000  4228 bytes for ./GoogleMapsResources.bundle/GoogleMaps.bundle/GMSCoreResources.bundle/az.lproj/GMSCore.strings
2025-09-18 03:17:00 +0000  copying file ./GoogleMapsResources.bundle/GoogleMaps.bundle/GMSCoreResources.bundle/road_64-16.png ... 
2025-09-18 03:17:00 +0000  425 bytes for ./GoogleMapsResources.bundle/GoogleMaps.bundle/GMSCoreResources.bundle/road_64-16.png
2025-09-18 03:17:00 +0000  copying file ./GoogleMapsResources.bundle/GoogleMaps.bundle/GMSCoreResources.bundle/GMSSprites-0-3x.png ... 
2025-09-18 03:17:00 +0000  61437 bytes for ./GoogleMapsResources.bundle/GoogleMaps.bundle/GMSCoreResources.bundle/GMSSprites-0-3x.png
2025-09-18 03:17:00 +0000  copying file ./GoogleMapsResources.bundle/GoogleMaps.bundle/GMSCoreResources.bundle/polyline_colors_texture.png ... 
2025-09-18 03:17:00 +0000  7433 bytes for ./GoogleMapsResources.bundle/GoogleMaps.bundle/GMSCoreResources.bundle/polyline_colors_texture.png
2025-09-18 03:17:00 +0000  copying file ./GoogleMapsResources.bundle/GoogleMaps.bundle/GMSCoreResources.bundle/ic_compass_needle.png ... 
2025-09-18 03:17:00 +0000  483 bytes for ./GoogleMapsResources.bundle/GoogleMaps.bundle/GMSCoreResources.bundle/ic_compass_needle.png
2025-09-18 03:17:00 +0000  copying file ./GoogleMapsResources.bundle/GoogleMaps.bundle/GMSCoreResources.bundle/pt.lproj/GMSCore.strings ... 
2025-09-18 03:17:00 +0000  4388 bytes for ./GoogleMapsResources.bundle/GoogleMaps.bundle/GMSCoreResources.bundle/pt.lproj/GMSCore.strings
2025-09-18 03:17:00 +0000  copying file ./GoogleMapsResources.bundle/GoogleMaps.bundle/GMSCoreResources.bundle/GMSShadersSim.metallib ... 
2025-09-18 03:17:00 +0000  307182 bytes for ./GoogleMapsResources.bundle/GoogleMaps.bundle/GMSCoreResources.bundle/GMSShadersSim.metallib
2025-09-18 03:17:00 +0000  copying file ./GoogleMapsResources.bundle/GoogleMaps.bundle/GMSCoreResources.bundle/ic_covid_border_waypoint_alert_32pt@2x.png ... 
2025-09-18 03:17:00 +0000  1012 bytes for ./GoogleMapsResources.bundle/GoogleMaps.bundle/GMSCoreResources.bundle/ic_covid_border_waypoint_alert_32pt@2x.png
2025-09-18 03:17:00 +0000  copying file ./GoogleMapsResources.bundle/GoogleMaps.bundle/GMSCoreResources.bundle/ic_closed_place_waypoint_alert_night_32pt@2x.png ... 
2025-09-18 03:17:00 +0000  1069 bytes for ./GoogleMapsResources.bundle/GoogleMaps.bundle/GMSCoreResources.bundle/ic_closed_place_waypoint_alert_night_32pt@2x.png
2025-09-18 03:17:00 +0000  copying file ./GoogleMapsResources.bundle/GoogleMaps.bundle/GMSCoreResources.bundle/road_1-1.png ... 
2025-09-18 03:17:00 +0000  95 bytes for ./GoogleMapsResources.bundle/GoogleMaps.bundle/GMSCoreResources.bundle/road_1-1.png
2025-09-18 03:17:00 +0000  copying file ./GoogleMapsResources.bundle/GoogleMaps.bundle/GMSCoreResources.bundle/ic_location_off.png ... 
2025-09-18 03:17:00 +0000  498 bytes for ./GoogleMapsResources.bundle/GoogleMaps.bundle/GMSCoreResources.bundle/ic_location_off.png
2025-09-18 03:17:00 +0000  copying file ./GoogleMapsResources.bundle/GoogleMaps.bundle/GMSCoreResources.bundle/ic_covid_border_waypoint_alert_32pt@3x.png ... 
2025-09-18 03:17:00 +0000  1353 bytes for ./GoogleMapsResources.bundle/GoogleMaps.bundle/GMSCoreResources.bundle/ic_covid_border_waypoint_alert_32pt@3x.png
2025-09-18 03:17:00 +0000  copying file ./GoogleMapsResources.bundle/GoogleMaps.bundle/GMSCoreResources.bundle/ic_closed_place_waypoint_alert_night_32pt@3x.png ... 
2025-09-18 03:17:00 +0000  1472 bytes for ./GoogleMapsResources.bundle/GoogleMaps.bundle/GMSCoreResources.bundle/ic_closed_place_waypoint_alert_night_32pt@3x.png
2025-09-18 03:17:00 +0000  copying file ./GoogleMapsResources.bundle/GoogleMaps.bundle/GMSCoreResources.bundle/ro.lproj/GMSCore.strings ... 
2025-09-18 03:17:00 +0000  4491 bytes for ./GoogleMapsResources.bundle/GoogleMaps.bundle/GMSCoreResources.bundle/ro.lproj/GMSCore.strings
2025-09-18 03:17:00 +0000  copying file ./GoogleMapsResources.bundle/GoogleMaps.bundle/GMSCoreResources.bundle/Info.plist ... 
2025-09-18 03:17:00 +0000  359 bytes for ./GoogleMapsResources.bundle/GoogleMaps.bundle/GMSCoreResources.bundle/Info.plist
2025-09-18 03:17:00 +0000  copying file ./GoogleMapsResources.bundle/GoogleMaps.bundle/GMSCoreResources.bundle/GMSSprites-0-2x.png ... 
2025-09-18 03:17:00 +0000  40485 bytes for ./GoogleMapsResources.bundle/GoogleMaps.bundle/GMSCoreResources.bundle/GMSSprites-0-2x.png
2025-09-18 03:17:00 +0000  copying file ./GoogleMapsResources.bundle/GoogleMaps.bundle/GMSCoreResources.bundle/ic_covid_medical_waypoint_alert_night_32pt.png ... 
2025-09-18 03:17:00 +0000  382 bytes for ./GoogleMapsResources.bundle/GoogleMaps.bundle/GMSCoreResources.bundle/ic_covid_medical_waypoint_alert_night_32pt.png
2025-09-18 03:17:00 +0000  copying file ./GoogleMapsResources.bundle/GoogleMaps.bundle/GMSCoreResources.bundle/ic_covid_checkpoint_waypoint_alert_32pt.png ... 
2025-09-18 03:17:00 +0000  601 bytes for ./GoogleMapsResources.bundle/GoogleMaps.bundle/GMSCoreResources.bundle/ic_covid_checkpoint_waypoint_alert_32pt.png
2025-09-18 03:17:00 +0000  copying file ./GoogleMapsResources.bundle/GoogleMaps.bundle/GMSCoreResources.bundle/ic_covid_medical_waypoint_alert_night_32pt@2x.png ... 
2025-09-18 03:17:00 +0000  825 bytes for ./GoogleMapsResources.bundle/GoogleMaps.bundle/GMSCoreResources.bundle/ic_covid_medical_waypoint_alert_night_32pt@2x.png
2025-09-18 03:17:00 +0000  copying file ./GoogleMapsResources.bundle/GoogleMaps.bundle/GMSCoreResources.bundle/button_compass_night@2x.png ... 
2025-09-18 03:17:00 +0000  2221 bytes for ./GoogleMapsResources.bundle/GoogleMaps.bundle/GMSCoreResources.bundle/button_compass_night@2x.png
2025-09-18 03:17:00 +0000  copying file ./GoogleMapsResources.bundle/GoogleMaps.bundle/GMSCoreResources.bundle/button_compass@2x.png ... 
2025-09-18 03:17:00 +0000  2560 bytes for ./GoogleMapsResources.bundle/GoogleMaps.bundle/GMSCoreResources.bundle/button_compass@2x.png
2025-09-18 03:17:00 +0000  copying file ./GoogleMapsResources.bundle/GoogleMaps.bundle/GMSCoreResources.bundle/hr.lproj/GMSCore.strings ... 
2025-09-18 03:17:00 +0000  4264 bytes for ./GoogleMapsResources.bundle/GoogleMaps.bundle/GMSCoreResources.bundle/hr.lproj/GMSCore.strings
2025-09-18 03:17:00 +0000  copying file ./GoogleMapsResources.bundle/GoogleMaps.bundle/GMSCoreResources.bundle/hi.lproj/GMSCore.strings ... 
2025-09-18 03:17:00 +0000  4242 bytes for ./GoogleMapsResources.bundle/GoogleMaps.bundle/GMSCoreResources.bundle/hi.lproj/GMSCore.strings
2025-09-18 03:17:00 +0000  copying file ./GoogleMapsResources.bundle/GoogleMaps.bundle/GMSCoreResources.bundle/ca.lproj/GMSCore.strings ... 
2025-09-18 03:17:00 +0000  4274 bytes for ./GoogleMapsResources.bundle/GoogleMaps.bundle/GMSCoreResources.bundle/ca.lproj/GMSCore.strings
2025-09-18 03:17:00 +0000  copying file ./GoogleMapsResources.bundle/GoogleMaps.bundle/GMSCoreResources.bundle/ic_compass_needle_32pt@3x.png ... 
2025-09-18 03:17:00 +0000  1962 bytes for ./GoogleMapsResources.bundle/GoogleMaps.bundle/GMSCoreResources.bundle/ic_compass_needle_32pt@3x.png
2025-09-18 03:17:00 +0000  copying file ./GoogleMapsResources.bundle/GoogleMaps.bundle/GMSCoreResources.bundle/ic_covid_checkpoint_waypoint_alert_night_32pt@2x.png ... 
2025-09-18 03:17:00 +0000  1380 bytes for ./GoogleMapsResources.bundle/GoogleMaps.bundle/GMSCoreResources.bundle/ic_covid_checkpoint_waypoint_alert_night_32pt@2x.png
2025-09-18 03:17:00 +0000  copying file ./GoogleMapsResources.bundle/GoogleMaps.bundle/ic_error@3x.png ... 
2025-09-18 03:17:00 +0000  743 bytes for ./GoogleMapsResources.bundle/GoogleMaps.bundle/ic_error@3x.png
2025-09-18 03:17:00 +0000  copying file ./GoogleMapsResources.bundle/GoogleMaps.bundle/oss_licenses_maps.txt.gz ... 
2025-09-18 03:17:00 +0000  173531 bytes for ./GoogleMapsResources.bundle/GoogleMaps.bundle/oss_licenses_maps.txt.gz
2025-09-18 03:17:00 +0000  copying file ./GoogleMapsResources.bundle/GoogleMaps.bundle/Assets.car ... 
2025-09-18 03:17:00 +0000  43967 bytes for ./GoogleMapsResources.bundle/GoogleMaps.bundle/Assets.car
2025-09-18 03:17:00 +0000  copying file ./GoogleMapsResources.bundle/GoogleMaps.bundle/bubble_right.png ... 
2025-09-18 03:17:00 +0000  455 bytes for ./GoogleMapsResources.bundle/GoogleMaps.bundle/bubble_right.png
2025-09-18 03:17:00 +0000  copying file ./GoogleMapsResources.bundle/GoogleMaps.bundle/ic_error@2x.png ... 
2025-09-18 03:17:00 +0000  454 bytes for ./GoogleMapsResources.bundle/GoogleMaps.bundle/ic_error@2x.png
2025-09-18 03:17:00 +0000  copying file ./GoogleMapsResources.bundle/GoogleMaps.bundle/GMSCacheStorage.momd/Storage.mom ... 
2025-09-18 03:17:00 +0000  4696 bytes for ./GoogleMapsResources.bundle/GoogleMaps.bundle/GMSCacheStorage.momd/Storage.mom
2025-09-18 03:17:00 +0000  copying file ./GoogleMapsResources.bundle/GoogleMaps.bundle/GMSCacheStorage.momd/VersionInfo.plist ... 
2025-09-18 03:17:00 +0000  1197 bytes for ./GoogleMapsResources.bundle/GoogleMaps.bundle/GMSCacheStorage.momd/VersionInfo.plist
2025-09-18 03:17:00 +0000  copying file ./GoogleMapsResources.bundle/GoogleMaps.bundle/GMSCacheStorage.momd/StorageWithTileProto.mom ... 
2025-09-18 03:17:00 +0000  5292 bytes for ./GoogleMapsResources.bundle/GoogleMaps.bundle/GMSCacheStorage.momd/StorageWithTileProto.mom
2025-09-18 03:17:00 +0000  copying file ./GoogleMapsResources.bundle/GoogleMaps.bundle/GMSCacheStorage.momd/StorageWithTileVersionID.mom ... 
2025-09-18 03:17:00 +0000  4802 bytes for ./GoogleMapsResources.bundle/GoogleMaps.bundle/GMSCacheStorage.momd/StorageWithTileVersionID.mom
2025-09-18 03:17:00 +0000  copying file ./GoogleMapsResources.bundle/GoogleMaps.bundle/Info.plist ... 
2025-09-18 03:17:00 +0000  363 bytes for ./GoogleMapsResources.bundle/GoogleMaps.bundle/Info.plist
2025-09-18 03:17:00 +0000  copying file ./GoogleMapsResources.bundle/Info.plist ... 
2025-09-18 03:17:00 +0000  782 bytes for ./GoogleMapsResources.bundle/Info.plist
2025-09-18 03:17:00 +0000  copying file ./Info.plist ... 
2025-09-18 03:17:00 +0000  4699 bytes for ./Info.plist
2025-09-18 03:17:00 +0000  copying file ./Expo.plist ... 
2025-09-18 03:17:00 +0000  132 bytes for ./Expo.plist
2025-09-18 03:17:00 +0000  copying file ./RNCAsyncStorage_resources.bundle/PrivacyInfo.xcprivacy ... 
2025-09-18 03:17:00 +0000  512 bytes for ./RNCAsyncStorage_resources.bundle/PrivacyInfo.xcprivacy
2025-09-18 03:17:00 +0000  copying file ./RNCAsyncStorage_resources.bundle/Info.plist ... 
2025-09-18 03:17:00 +0000  793 bytes for ./RNCAsyncStorage_resources.bundle/Info.plist
2025-09-18 03:17:00 +0000  copying file ./PkgInfo ... 
2025-09-18 03:17:00 +0000  8 bytes for ./PkgInfo
2025-09-18 03:17:00 +0000  copying file ./MaterialIcons.ttf ... 
2025-09-18 03:17:00 +0000  356840 bytes for ./MaterialIcons.ttf
2025-09-18 03:17:00 +0000  copying file ./React-Core_privacy.bundle/PrivacyInfo.xcprivacy ... 
2025-09-18 03:17:00 +0000  768 bytes for ./React-Core_privacy.bundle/PrivacyInfo.xcprivacy
2025-09-18 03:17:00 +0000  copying file ./React-Core_privacy.bundle/Info.plist ... 
2025-09-18 03:17:00 +0000  781 bytes for ./React-Core_privacy.bundle/Info.plist
2025-09-18 03:17:00 +0000  /usr/bin/ditto exited with 0
2025-09-18 03:17:00 +0000  Processing step: IDEDistributionEmbedProfileStep
2025-09-18 03:17:00 +0000  Skipping profile for item: <IDEDistributionItem: 0x600028220a80; bundleID='dev.hermesengine.iphoneos', path='<DVTFilePath:0x600024d36220:'/Users/thepope/Library/Developer/Xcode/Archives/2025-09-17/SocialCircle 9-17-25, 9.03 PM.xcarchive/Products/Applications/SocialCircle.app/Frameworks/hermes.framework'>', codeSigningInfo='<_DVTCodeSigningInformation_Path: 0x60002824c8a0; isSigned='1', isAdHocSigned='0', signingCertificate='<DVTSigningCertificate: 0x60000d34bc00; name='Apple Development: Jokwon Pope (G35KCKXS7V)', hash='4B4C1BA35B4F09670EEEE0C40E48FB73DC6D49DB', serialNumber='62E4A525350211E16E124815ABAB52D1', certificateKinds='(
    "1.2.840.113635.100.6.1.12",
    "1.2.840.113635.100.6.1.2"
), issueDate='2025-09-18 02:36:22 +0000''>', entitlements='(null)', teamID='H356K2BJT5', identifier='dev.hermesengine.iphoneos', executablePath='<DVTFilePath:0x60002433ba20:'/Users/thepope/Library/Developer/Xcode/Archives/2025-09-17/SocialCircle 9-17-25, 9.03 PM.xcarchive/Products/Applications/SocialCircle.app/Frameworks/hermes.framework/hermes'>', hardenedRuntime='0'>'>
2025-09-18 03:17:00 +0000  Processing step: IDEDistributionInfoPlistStep
2025-09-18 03:17:00 +0000  Skipping Info.plist step because item: <IDEDistributionItem: 0x600028220a80; bundleID='dev.hermesengine.iphoneos', path='<DVTFilePath:0x600024d36220:'/Users/thepope/Library/Developer/Xcode/Archives/2025-09-17/SocialCircle 9-17-25, 9.03 PM.xcarchive/Products/Applications/SocialCircle.app/Frameworks/hermes.framework'>', codeSigningInfo='<_DVTCodeSigningInformation_Path: 0x60002824c8a0; isSigned='1', isAdHocSigned='0', signingCertificate='<DVTSigningCertificate: 0x60000d34bc00; name='Apple Development: Jokwon Pope (G35KCKXS7V)', hash='4B4C1BA35B4F09670EEEE0C40E48FB73DC6D49DB', serialNumber='62E4A525350211E16E124815ABAB52D1', certificateKinds='(
    "1.2.840.113635.100.6.1.12",
    "1.2.840.113635.100.6.1.2"
), issueDate='2025-09-18 02:36:22 +0000''>', entitlements='(null)', teamID='H356K2BJT5', identifier='dev.hermesengine.iphoneos', executablePath='<DVTFilePath:0x60002433ba20:'/Users/thepope/Library/Developer/Xcode/Archives/2025-09-17/SocialCircle 9-17-25, 9.03 PM.xcarchive/Products/Applications/SocialCircle.app/Frameworks/hermes.framework/hermes'>', hardenedRuntime='0'>'> is a framework or embedded in a framework.
2025-09-18 03:17:00 +0000  Skipping setting DTXcodeBuildDistribution because toolsBuildVersionName was nil.
2025-09-18 03:17:00 +0000  Processing step: IDEDistributionItemRemovalStep
2025-09-18 03:17:00 +0000  Processing step: IDEDistributionAppThinningPlistStep
2025-09-18 03:17:00 +0000  Skipping step: IDEDistributionAppThinningPlistStep because it said so
2025-09-18 03:17:00 +0000  Processing step: IDEDistributionSymbolsStep
2025-09-18 03:17:01 +0000  Writing /var/folders/lv/bks3mx4n6g5gcvnft63p07j40000gn/T/XcodeDistPipeline.~~~ePAqAY/Symbols/22FE6DAA-D915-3B9D-8EDA-146AF1281756.symbols
2025-09-18 03:17:01 +0000  Upload Symbols Failed
2025-09-18 03:17:01 +0000  Processing step: IDEDistributionCopyAppleProvidedContentStep
2025-09-18 03:17:01 +0000  Processing step: IDEDistributionAppThinningStep
2025-09-18 03:17:01 +0000  Skipping step: IDEDistributionAppThinningStep because it said so
2025-09-18 03:17:01 +0000  Processing step: IDEDistributionArchThinningStep
2025-09-18 03:17:01 +0000  Item /Users/thepope/Library/Developer/Xcode/Archives/2025-09-17/SocialCircle 9-17-25, 9.03 PM.xcarchive/Products/Applications/SocialCircle.app/Frameworks/hermes.framework doesn't have the entitlement com.apple.developer.web-browser-engine.host enabled, returning ["arm64e"]
2025-09-18 03:17:01 +0000  Archs to thin for item /Users/thepope/Library/Developer/Xcode/Archives/2025-09-17/SocialCircle 9-17-25, 9.03 PM.xcarchive/Products/Applications/SocialCircle.app/Frameworks/hermes.framework are ["arm64e"]
2025-09-18 03:17:01 +0000  Running /Applications/Xcode.app/Contents/Developer/Toolchains/XcodeDefault.xctoolchain/usr/bin/lipo '/var/folders/lv/bks3mx4n6g5gcvnft63p07j40000gn/T/XcodeDistPipeline.~~~ePAqAY/Root/Payload/SocialCircle.app/Frameworks/hermes.framework/hermes' '-verify_arch' 'arm64e'
2025-09-18 03:17:01 +0000  /Applications/Xcode.app/Contents/Developer/Toolchains/XcodeDefault.xctoolchain/usr/bin/lipo exited with 1
2025-09-18 03:17:01 +0000  Skipping architecture thinning for item "hermes" because arch "arm64e" wasn't found
2025-09-18 03:17:01 +0000  Item /Users/thepope/Library/Developer/Xcode/Archives/2025-09-17/SocialCircle 9-17-25, 9.03 PM.xcarchive/Products/Applications/SocialCircle.app doesn't have the entitlement com.apple.developer.web-browser-engine.host enabled, returning ["arm64e"]
2025-09-18 03:17:01 +0000  Archs to thin for item /Users/thepope/Library/Developer/Xcode/Archives/2025-09-17/SocialCircle 9-17-25, 9.03 PM.xcarchive/Products/Applications/SocialCircle.app are ["arm64e"]
2025-09-18 03:17:01 +0000  Running /Applications/Xcode.app/Contents/Developer/Toolchains/XcodeDefault.xctoolchain/usr/bin/lipo '/var/folders/lv/bks3mx4n6g5gcvnft63p07j40000gn/T/XcodeDistPipeline.~~~ePAqAY/Root/Payload/SocialCircle.app/SocialCircle' '-verify_arch' 'arm64e'
2025-09-18 03:17:01 +0000  /Applications/Xcode.app/Contents/Developer/Toolchains/XcodeDefault.xctoolchain/usr/bin/lipo exited with 1
2025-09-18 03:17:01 +0000  Skipping architecture thinning for item "SocialCircle" because arch "arm64e" wasn't found
2025-09-18 03:17:01 +0000  Processing step: IDEDistributionODRStep
2025-09-18 03:17:01 +0000  Processing step: IDEDistributionStripXattrsStep
2025-09-18 03:17:01 +0000  Skipping stripping extended attributes because the codesign step will strip them.
2025-09-18 03:17:01 +0000  Skipping stripping extended attributes because the codesign step will strip them.
2025-09-18 03:17:01 +0000  Processing step: IDEDistributionCodesignStep
2025-09-18 03:17:01 +0000  Entitlements for <IDEDistributionItem: 0x600028220a80; bundleID='dev.hermesengine.iphoneos', path='<DVTFilePath:0x600024d36220:'/Users/thepope/Library/Developer/Xcode/Archives/2025-09-17/SocialCircle 9-17-25, 9.03 PM.xcarchive/Products/Applications/SocialCircle.app/Frameworks/hermes.framework'>', codeSigningInfo='<_DVTCodeSigningInformation_Path: 0x60002824c8a0; isSigned='1', isAdHocSigned='0', signingCertificate='<DVTSigningCertificate: 0x60000d37c000; name='Apple Development: Jokwon Pope (G35KCKXS7V)', hash='4B4C1BA35B4F09670EEEE0C40E48FB73DC6D49DB', serialNumber='62E4A525350211E16E124815ABAB52D1', certificateKinds='(
    "1.2.840.113635.100.6.1.12",
    "1.2.840.113635.100.6.1.2"
), issueDate='2025-09-18 02:36:22 +0000''>', entitlements='(null)', teamID='H356K2BJT5', identifier='dev.hermesengine.iphoneos', executablePath='<DVTFilePath:0x60002433ba20:'/Users/thepope/Library/Developer/Xcode/Archives/2025-09-17/SocialCircle 9-17-25, 9.03 PM.xcarchive/Products/Applications/SocialCircle.app/Frameworks/hermes.framework/hermes'>', hardenedRuntime='0'>'>: {
}
2025-09-18 03:17:01 +0000  Associated App Clip Identifiers Filter: Skipping because "com.apple.developer.associated-appclip-app-identifiers" is not present
2025-09-18 03:17:01 +0000  Entitlements for <IDEDistributionItem: 0x600028220a80; bundleID='dev.hermesengine.iphoneos', path='<DVTFilePath:0x600024d36220:'/Users/thepope/Library/Developer/Xcode/Archives/2025-09-17/SocialCircle 9-17-25, 9.03 PM.xcarchive/Products/Applications/SocialCircle.app/Frameworks/hermes.framework'>', codeSigningInfo='<_DVTCodeSigningInformation_Path: 0x60002824c8a0; isSigned='1', isAdHocSigned='0', signingCertificate='<DVTSigningCertificate: 0x60000d374000; name='Apple Development: Jokwon Pope (G35KCKXS7V)', hash='4B4C1BA35B4F09670EEEE0C40E48FB73DC6D49DB', serialNumber='62E4A525350211E16E124815ABAB52D1', certificateKinds='(
    "1.2.840.113635.100.6.1.12",
    "1.2.840.113635.100.6.1.2"
), issueDate='2025-09-18 02:36:22 +0000''>', entitlements='(null)', teamID='H356K2BJT5', identifier='dev.hermesengine.iphoneos', executablePath='<DVTFilePath:0x60002433ba20:'/Users/thepope/Library/Developer/Xcode/Archives/2025-09-17/SocialCircle 9-17-25, 9.03 PM.xcarchive/Products/Applications/SocialCircle.app/Frameworks/hermes.framework/hermes'>', hardenedRuntime='0'>'> are: {
}
2025-09-18 03:17:01 +0000  Writing entitlements for <IDEDistributionItem: 0x600028220a80; bundleID='dev.hermesengine.iphoneos', path='<DVTFilePath:0x600024d36220:'/Users/thepope/Library/Developer/Xcode/Archives/2025-09-17/SocialCircle 9-17-25, 9.03 PM.xcarchive/Products/Applications/SocialCircle.app/Frameworks/hermes.framework'>', codeSigningInfo='<_DVTCodeSigningInformation_Path: 0x60002824c8a0; isSigned='1', isAdHocSigned='0', signingCertificate='<DVTSigningCertificate: 0x60000d374000; name='Apple Development: Jokwon Pope (G35KCKXS7V)', hash='4B4C1BA35B4F09670EEEE0C40E48FB73DC6D49DB', serialNumber='62E4A525350211E16E124815ABAB52D1', certificateKinds='(
    "1.2.840.113635.100.6.1.12",
    "1.2.840.113635.100.6.1.2"
), issueDate='2025-09-18 02:36:22 +0000''>', entitlements='(null)', teamID='H356K2BJT5', identifier='dev.hermesengine.iphoneos', executablePath='<DVTFilePath:0x60002433ba20:'/Users/thepope/Library/Developer/Xcode/Archives/2025-09-17/SocialCircle 9-17-25, 9.03 PM.xcarchive/Products/Applications/SocialCircle.app/Frameworks/hermes.framework/hermes'>', hardenedRuntime='0'>'> to: /var/folders/lv/bks3mx4n6g5gcvnft63p07j40000gn/T/XcodeDistPipeline.~~~ePAqAY/entitlements~~~kpNjEx
2025-09-18 03:17:01 +0000  invoking codesign: <NSConcreteTask: 0x6000281c8820; launchPath='/usr/bin/codesign', arguments='(
    "-f",
    "-s",
    F305993B0DED77A21D6A9240EADC1882F91E5203,
    "--entitlements",
    "/var/folders/lv/bks3mx4n6g5gcvnft63p07j40000gn/T/XcodeDistPipeline.~~~ePAqAY/entitlements~~~kpNjEx",
    "--preserve-metadata=identifier,flags,runtime",
    "--generate-entitlement-der",
    "--strip-disallowed-xattrs",
    "-vvv",
    "/var/folders/lv/bks3mx4n6g5gcvnft63p07j40000gn/T/XcodeDistPipeline.~~~ePAqAY/Root/Payload/SocialCircle.app/Frameworks/hermes.framework"
)'>
2025-09-18 03:17:09 +0000  codesign output: /var/folders/lv/bks3mx4n6g5gcvnft63p07j40000gn/T/XcodeDistPipeline.~~~ePAqAY/Root/Payload/SocialCircle.app/Frameworks/hermes.framework: replacing existing signature
/var/folders/lv/bks3mx4n6g5gcvnft63p07j40000gn/T/XcodeDistPipeline.~~~ePAqAY/Root/Payload/SocialCircle.app/Frameworks/hermes.framework: signed bundle with Mach-O thin (arm64) [dev.hermesengine.iphoneos]
2025-09-18 03:17:09 +0000  Entitlements for <IDEDistributionItem: 0x600028221200; bundleID='com.socialcirclellc.app', path='<DVTFilePath:0x600020f034f0:'/Users/thepope/Library/Developer/Xcode/Archives/2025-09-17/SocialCircle 9-17-25, 9.03 PM.xcarchive/Products/Applications/SocialCircle.app'>', codeSigningInfo='<_DVTCodeSigningInformation_Path: 0x60002824fa20; isSigned='1', isAdHocSigned='0', signingCertificate='<DVTSigningCertificate: 0x60000d3746c0; name='Apple Development: Jokwon Pope (G35KCKXS7V)', hash='4B4C1BA35B4F09670EEEE0C40E48FB73DC6D49DB', serialNumber='62E4A525350211E16E124815ABAB52D1', certificateKinds='(
    "1.2.840.113635.100.6.1.12",
    "1.2.840.113635.100.6.1.2"
), issueDate='2025-09-18 02:36:22 +0000''>', entitlements='{
    "application-identifier" = "H356K2BJT5.com.socialcirclellc.app";
    "aps-environment" = development;
    "com.apple.developer.team-identifier" = H356K2BJT5;
    "get-task-allow" = 1;
}', teamID='H356K2BJT5', identifier='com.socialcirclellc.app', executablePath='<DVTFilePath:0x600024cfe460:'/Users/thepope/Library/Developer/Xcode/Archives/2025-09-17/SocialCircle 9-17-25, 9.03 PM.xcarchive/Products/Applications/SocialCircle.app/SocialCircle'>', hardenedRuntime='0'>'>: {
    "application-identifier" = "H356K2BJT5.com.socialcirclellc.app";
    "aps-environment" = production;
    "beta-reports-active" = 1;
    "com.apple.developer.team-identifier" = H356K2BJT5;
    "get-task-allow" = 0;
}
2025-09-18 03:17:09 +0000  Associated App Clip Identifiers Filter: Skipping because "com.apple.developer.associated-appclip-app-identifiers" is not present
2025-09-18 03:17:09 +0000  Entitlements for <IDEDistributionItem: 0x600028221200; bundleID='com.socialcirclellc.app', path='<DVTFilePath:0x600020f034f0:'/Users/thepope/Library/Developer/Xcode/Archives/2025-09-17/SocialCircle 9-17-25, 9.03 PM.xcarchive/Products/Applications/SocialCircle.app'>', codeSigningInfo='<_DVTCodeSigningInformation_Path: 0x60002824fa20; isSigned='1', isAdHocSigned='0', signingCertificate='<DVTSigningCertificate: 0x60000d3746c0; name='Apple Development: Jokwon Pope (G35KCKXS7V)', hash='4B4C1BA35B4F09670EEEE0C40E48FB73DC6D49DB', serialNumber='62E4A525350211E16E124815ABAB52D1', certificateKinds='(
    "1.2.840.113635.100.6.1.12",
    "1.2.840.113635.100.6.1.2"
), issueDate='2025-09-18 02:36:22 +0000''>', entitlements='{
    "application-identifier" = "H356K2BJT5.com.socialcirclellc.app";
    "aps-environment" = development;
    "com.apple.developer.team-identifier" = H356K2BJT5;
    "get-task-allow" = 1;
}', teamID='H356K2BJT5', identifier='com.socialcirclellc.app', executablePath='<DVTFilePath:0x600024cfe460:'/Users/thepope/Library/Developer/Xcode/Archives/2025-09-17/SocialCircle 9-17-25, 9.03 PM.xcarchive/Products/Applications/SocialCircle.app/SocialCircle'>', hardenedRuntime='0'>'> are: {
    "application-identifier" = "H356K2BJT5.com.socialcirclellc.app";
    "aps-environment" = production;
    "beta-reports-active" = 1;
    "com.apple.developer.team-identifier" = H356K2BJT5;
    "get-task-allow" = 0;
}
2025-09-18 03:17:09 +0000  Writing entitlements for <IDEDistributionItem: 0x600028221200; bundleID='com.socialcirclellc.app', path='<DVTFilePath:0x600020f034f0:'/Users/thepope/Library/Developer/Xcode/Archives/2025-09-17/SocialCircle 9-17-25, 9.03 PM.xcarchive/Products/Applications/SocialCircle.app'>', codeSigningInfo='<_DVTCodeSigningInformation_Path: 0x60002824fa20; isSigned='1', isAdHocSigned='0', signingCertificate='<DVTSigningCertificate: 0x60000d3746c0; name='Apple Development: Jokwon Pope (G35KCKXS7V)', hash='4B4C1BA35B4F09670EEEE0C40E48FB73DC6D49DB', serialNumber='62E4A525350211E16E124815ABAB52D1', certificateKinds='(
    "1.2.840.113635.100.6.1.12",
    "1.2.840.113635.100.6.1.2"
), issueDate='2025-09-18 02:36:22 +0000''>', entitlements='{
    "application-identifier" = "H356K2BJT5.com.socialcirclellc.app";
    "aps-environment" = development;
    "com.apple.developer.team-identifier" = H356K2BJT5;
    "get-task-allow" = 1;
}', teamID='H356K2BJT5', identifier='com.socialcirclellc.app', executablePath='<DVTFilePath:0x600024cfe460:'/Users/thepope/Library/Developer/Xcode/Archives/2025-09-17/SocialCircle 9-17-25, 9.03 PM.xcarchive/Products/Applications/SocialCircle.app/SocialCircle'>', hardenedRuntime='0'>'> to: /var/folders/lv/bks3mx4n6g5gcvnft63p07j40000gn/T/XcodeDistPipeline.~~~ePAqAY/entitlements~~~IY3oJC
2025-09-18 03:17:09 +0000  invoking codesign: <NSConcreteTask: 0x60002813fd90; launchPath='/usr/bin/codesign', arguments='(
    "-f",
    "-s",
    F305993B0DED77A21D6A9240EADC1882F91E5203,
    "--entitlements",
    "/var/folders/lv/bks3mx4n6g5gcvnft63p07j40000gn/T/XcodeDistPipeline.~~~ePAqAY/entitlements~~~IY3oJC",
    "--preserve-metadata=identifier,flags,runtime",
    "--generate-entitlement-der",
    "--strip-disallowed-xattrs",
    "-vvv",
    "/var/folders/lv/bks3mx4n6g5gcvnft63p07j40000gn/T/XcodeDistPipeline.~~~ePAqAY/Root/Payload/SocialCircle.app"
)'>
2025-09-18 03:17:09 +0000  codesign output: /var/folders/lv/bks3mx4n6g5gcvnft63p07j40000gn/T/XcodeDistPipeline.~~~ePAqAY/Root/Payload/SocialCircle.app: replacing existing signature
/var/folders/lv/bks3mx4n6g5gcvnft63p07j40000gn/T/XcodeDistPipeline.~~~ePAqAY/Root/Payload/SocialCircle.app: signed app bundle with Mach-O thin (arm64) [com.socialcirclellc.app]
2025-09-18 03:17:09 +0000  Processing step: IDEDistributionZipODRItemStep
2025-09-18 03:17:09 +0000  Skipping step: IDEDistributionZipODRItemStep because it said so
2025-09-18 03:17:09 +0000  Skipping step: IDEDistributionZipODRItemStep because it said so
2025-09-18 03:17:09 +0000  Processing step: IDEDistributionCreateIPAStep
2025-09-18 03:17:09 +0000  Running /usr/bin/rsync '-8aPhhE' '/var/folders/lv/bks3mx4n6g5gcvnft63p07j40000gn/T/XcodeDistPipeline.~~~ePAqAY/Symbols' '--link-dest' '/var/folders/lv/bks3mx4n6g5gcvnft63p07j40000gn/T/XcodeDistPipeline.~~~ePAqAY' '/var/folders/lv/bks3mx4n6g5gcvnft63p07j40000gn/T/XcodeDistPipeline.~~~ePAqAY/Root'
2025-09-18 03:17:09 +0000  Symbols/
Symbols/22FE6DAA-D915-3B9D-8EDA-146AF1281756.symbols
2025-09-18 03:17:09 +0000  /usr/bin/rsync exited with 0
2025-09-18 03:17:09 +0000  Running /usr/bin/ditto '-V' '-c' '-k' '--norsrc' '/var/folders/lv/bks3mx4n6g5gcvnft63p07j40000gn/T/XcodeDistPipeline.~~~ePAqAY/Root' '/var/folders/lv/bks3mx4n6g5gcvnft63p07j40000gn/T/XcodeDistPipeline.~~~ePAqAY/Packages/SocialCircle.ipa'
2025-09-18 03:17:09 +0000  >>> Copying /var/folders/lv/bks3mx4n6g5gcvnft63p07j40000gn/T/XcodeDistPipeline.~~~ePAqAY/Root 
2025-09-18 03:17:09 +0000  copying file ./Payload/SocialCircle.app/_CodeSignature/CodeResources ... 
2025-09-18 03:17:09 +0000  90793 bytes for ./Payload/SocialCircle.app/_CodeSignature/CodeResources
2025-09-18 03:17:09 +0000  copying file ./Payload/SocialCircle.app/Fontisto.ttf ... 
2025-09-18 03:17:09 +0000  313528 bytes for ./Payload/SocialCircle.app/Fontisto.ttf
2025-09-18 03:17:09 +0000  copying file ./Payload/SocialCircle.app/Octicons.ttf ... 
2025-09-18 03:17:09 +0000  49404 bytes for ./Payload/SocialCircle.app/Octicons.ttf
2025-09-18 03:17:09 +0000  copying file ./Payload/SocialCircle.app/Feather.ttf ... 
2025-09-18 03:17:09 +0000  56228 bytes for ./Payload/SocialCircle.app/Feather.ttf
2025-09-18 03:17:09 +0000  copying file ./Payload/SocialCircle.app/SplashScreen.storyboardc/EXPO-VIEWCONTROLLER-1-view-EXPO-ContainerView.nib ... 
2025-09-18 03:17:09 +0000  2106 bytes for ./Payload/SocialCircle.app/SplashScreen.storyboardc/EXPO-VIEWCONTROLLER-1-view-EXPO-ContainerView.nib
2025-09-18 03:17:09 +0000  copying file ./Payload/SocialCircle.app/SplashScreen.storyboardc/SplashScreenViewController.nib ... 
2025-09-18 03:17:09 +0000  1004 bytes for ./Payload/SocialCircle.app/SplashScreen.storyboardc/SplashScreenViewController.nib
2025-09-18 03:17:09 +0000  copying file ./Payload/SocialCircle.app/SplashScreen.storyboardc/Info.plist ... 
2025-09-18 03:17:09 +0000  225 bytes for ./Payload/SocialCircle.app/SplashScreen.storyboardc/Info.plist
2025-09-18 03:17:09 +0000  copying file ./Payload/SocialCircle.app/EXUpdates.bundle/app.manifest ... 
2025-09-18 03:17:09 +0000  12234 bytes for ./Payload/SocialCircle.app/EXUpdates.bundle/app.manifest
2025-09-18 03:17:09 +0000  copying file ./Payload/SocialCircle.app/EXUpdates.bundle/Info.plist ... 
2025-09-18 03:17:09 +0000  762 bytes for ./Payload/SocialCircle.app/EXUpdates.bundle/Info.plist
2025-09-18 03:17:09 +0000  copying file ./Payload/SocialCircle.app/SocialCircle ... 
2025-09-18 03:17:10 +0000  21175904 bytes for ./Payload/SocialCircle.app/SocialCircle
copying file ./Payload/SocialCircle.app/FontAwesome6_Regular.ttf ... 
2025-09-18 03:17:10 +0000  67976 bytes for ./Payload/SocialCircle.app/FontAwesome6_Regular.ttf
copying file ./Payload/SocialCircle.app/Entypo.ttf ... 
2025-09-18 03:17:10 +0000  66200 bytes for ./Payload/SocialCircle.app/Entypo.ttf
2025-09-18 03:17:10 +0000  copying file ./Payload/SocialCircle.app/ReachabilitySwift.bundle/PrivacyInfo.xcprivacy ... 
2025-09-18 03:17:10 +0000  228 bytes for ./Payload/SocialCircle.app/ReachabilitySwift.bundle/PrivacyInfo.xcprivacy
2025-09-18 03:17:10 +0000  copying file ./Payload/SocialCircle.app/ReachabilitySwift.bundle/Info.plist ... 
2025-09-18 03:17:10 +0000  778 bytes for ./Payload/SocialCircle.app/ReachabilitySwift.bundle/Info.plist
copying file ./Payload/SocialCircle.app/FontAwesome5_Brands.ttf ... 
2025-09-18 03:17:10 +0000  134040 bytes for ./Payload/SocialCircle.app/FontAwesome5_Brands.ttf
2025-09-18 03:17:10 +0000  copying file ./Payload/SocialCircle.app/MaterialCommunityIcons.ttf ... 
2025-09-18 03:17:10 +0000  1147844 bytes for ./Payload/SocialCircle.app/MaterialCommunityIcons.ttf
2025-09-18 03:17:10 +0000  copying file ./Payload/SocialCircle.app/glog_privacy.bundle/Info.plist ... 
2025-09-18 03:17:10 +0000  766 bytes for ./Payload/SocialCircle.app/glog_privacy.bundle/Info.plist
copying file ./Payload/SocialCircle.app/FBLPromises_Privacy.bundle/PrivacyInfo.xcprivacy ... 
2025-09-18 03:17:10 +0000  373 bytes for ./Payload/SocialCircle.app/FBLPromises_Privacy.bundle/PrivacyInfo.xcprivacy
2025-09-18 03:17:10 +0000  copying file ./Payload/SocialCircle.app/FBLPromises_Privacy.bundle/Info.plist ... 
2025-09-18 03:17:10 +0000  781 bytes for ./Payload/SocialCircle.app/FBLPromises_Privacy.bundle/Info.plist
copying file ./Payload/SocialCircle.app/AppIcon60x60@2x.png ... 
2025-09-18 03:17:10 +0000  6727 bytes for ./Payload/SocialCircle.app/AppIcon60x60@2x.png
2025-09-18 03:17:10 +0000  copying file ./Payload/SocialCircle.app/ExpoConstants_privacy.bundle/PrivacyInfo.xcprivacy ... 
2025-09-18 03:17:10 +0000  607 bytes for ./Payload/SocialCircle.app/ExpoConstants_privacy.bundle/PrivacyInfo.xcprivacy
2025-09-18 03:17:10 +0000  copying file ./Payload/SocialCircle.app/ExpoConstants_privacy.bundle/Info.plist ... 
2025-09-18 03:17:10 +0000  787 bytes for ./Payload/SocialCircle.app/ExpoConstants_privacy.bundle/Info.plist
2025-09-18 03:17:10 +0000  copying file ./Payload/SocialCircle.app/AntDesign.ttf ... 
2025-09-18 03:17:10 +0000  70344 bytes for ./Payload/SocialCircle.app/AntDesign.ttf
2025-09-18 03:17:10 +0000  copying file ./Payload/SocialCircle.app/GoogleMapsPrivacy.bundle/GoogleMapsPrivacy.bundle/PrivacyInfo.xcprivacy ... 
2025-09-18 03:17:10 +0000  3204 bytes for ./Payload/SocialCircle.app/GoogleMapsPrivacy.bundle/GoogleMapsPrivacy.bundle/PrivacyInfo.xcprivacy
2025-09-18 03:17:10 +0000  copying file ./Payload/SocialCircle.app/GoogleMapsPrivacy.bundle/Info.plist ... 
2025-09-18 03:17:10 +0000  777 bytes for ./Payload/SocialCircle.app/GoogleMapsPrivacy.bundle/Info.plist
2025-09-18 03:17:10 +0000  copying file ./Payload/SocialCircle.app/Foundation.ttf ... 
2025-09-18 03:17:10 +0000  56976 bytes for ./Payload/SocialCircle.app/Foundation.ttf
copying file ./Payload/SocialCircle.app/Ionicons.ttf ... 
2025-09-18 03:17:10 +0000  442604 bytes for ./Payload/SocialCircle.app/Ionicons.ttf
2025-09-18 03:17:10 +0000  copying file ./Payload/SocialCircle.app/FontAwesome5_Solid.ttf ... 
2025-09-18 03:17:10 +0000  202744 bytes for ./Payload/SocialCircle.app/FontAwesome5_Solid.ttf
2025-09-18 03:17:10 +0000  copying file ./Payload/SocialCircle.app/FirebaseCoreInternal_Privacy.bundle/PrivacyInfo.xcprivacy ... 
2025-09-18 03:17:10 +0000  855 bytes for ./Payload/SocialCircle.app/FirebaseCoreInternal_Privacy.bundle/PrivacyInfo.xcprivacy
2025-09-18 03:17:10 +0000  copying file ./Payload/SocialCircle.app/FirebaseCoreInternal_Privacy.bundle/Info.plist ... 
2025-09-18 03:17:10 +0000  802 bytes for ./Payload/SocialCircle.app/FirebaseCoreInternal_Privacy.bundle/Info.plist
2025-09-18 03:17:10 +0000  copying file ./Payload/SocialCircle.app/FontAwesome5_Regular.ttf ... 
2025-09-18 03:17:10 +0000  33736 bytes for ./Payload/SocialCircle.app/FontAwesome5_Regular.ttf
2025-09-18 03:17:10 +0000  copying file ./Payload/SocialCircle.app/React-cxxreact_privacy.bundle/PrivacyInfo.xcprivacy ... 
2025-09-18 03:17:10 +0000  552 bytes for ./Payload/SocialCircle.app/React-cxxreact_privacy.bundle/PrivacyInfo.xcprivacy
2025-09-18 03:17:10 +0000  copying file ./Payload/SocialCircle.app/React-cxxreact_privacy.bundle/Info.plist ... 
2025-09-18 03:17:10 +0000  789 bytes for ./Payload/SocialCircle.app/React-cxxreact_privacy.bundle/Info.plist
2025-09-18 03:17:10 +0000  copying file ./Payload/SocialCircle.app/ExpoApplication_privacy.bundle/PrivacyInfo.xcprivacy ... 
2025-09-18 03:17:10 +0000  608 bytes for ./Payload/SocialCircle.app/ExpoApplication_privacy.bundle/PrivacyInfo.xcprivacy
2025-09-18 03:17:10 +0000  copying file ./Payload/SocialCircle.app/ExpoApplication_privacy.bundle/Info.plist ... 
2025-09-18 03:17:10 +0000  790 bytes for ./Payload/SocialCircle.app/ExpoApplication_privacy.bundle/Info.plist
2025-09-18 03:17:10 +0000  copying file ./Payload/SocialCircle.app/FontAwesome.ttf ... 
2025-09-18 03:17:10 +0000  165548 bytes for ./Payload/SocialCircle.app/FontAwesome.ttf
copying file ./Payload/SocialCircle.app/Zocial.ttf ... 
2025-09-18 03:17:10 +0000  25788 bytes for ./Payload/SocialCircle.app/Zocial.ttf
2025-09-18 03:17:10 +0000  copying file ./Payload/SocialCircle.app/RCT-Folly_privacy.bundle/Info.plist ... 
2025-09-18 03:17:10 +0000  783 bytes for ./Payload/SocialCircle.app/RCT-Folly_privacy.bundle/Info.plist
2025-09-18 03:17:10 +0000  copying file ./Payload/SocialCircle.app/Assets.car ... 
2025-09-18 03:17:10 +0000  663423 bytes for ./Payload/SocialCircle.app/Assets.car
copying file ./Payload/SocialCircle.app/EvilIcons.ttf ... 
2025-09-18 03:17:10 +0000  13456 bytes for ./Payload/SocialCircle.app/EvilIcons.ttf
2025-09-18 03:17:10 +0000  copying file ./Payload/SocialCircle.app/FirebaseInstallations_Privacy.bundle/PrivacyInfo.xcprivacy ... 
2025-09-18 03:17:10 +0000  1105 bytes for ./Payload/SocialCircle.app/FirebaseInstallations_Privacy.bundle/PrivacyInfo.xcprivacy
2025-09-18 03:17:10 +0000  copying file ./Payload/SocialCircle.app/FirebaseInstallations_Privacy.bundle/Info.plist ... 
2025-09-18 03:17:10 +0000  804 bytes for ./Payload/SocialCircle.app/FirebaseInstallations_Privacy.bundle/Info.plist
2025-09-18 03:17:10 +0000  copying file ./Payload/SocialCircle.app/AppIcon76x76@2x~ipad.png ... 
2025-09-18 03:17:10 +0000  9351 bytes for ./Payload/SocialCircle.app/AppIcon76x76@2x~ipad.png
2025-09-18 03:17:10 +0000  copying file ./Payload/SocialCircle.app/GoogleUtilities_Privacy.bundle/PrivacyInfo.xcprivacy ... 
2025-09-18 03:17:10 +0000  1289 bytes for ./Payload/SocialCircle.app/GoogleUtilities_Privacy.bundle/PrivacyInfo.xcprivacy
2025-09-18 03:17:10 +0000  copying file ./Payload/SocialCircle.app/GoogleUtilities_Privacy.bundle/Info.plist ... 
2025-09-18 03:17:10 +0000  790 bytes for ./Payload/SocialCircle.app/GoogleUtilities_Privacy.bundle/Info.plist
2025-09-18 03:17:10 +0000  copying file ./Payload/SocialCircle.app/main.jsbundle ... 
2025-09-18 03:17:10 +0000  8496213 bytes for ./Payload/SocialCircle.app/main.jsbundle
2025-09-18 03:17:10 +0000  copying file ./Payload/SocialCircle.app/EXConstants.bundle/app.config ... 
2025-09-18 03:17:10 +0000  1565 bytes for ./Payload/SocialCircle.app/EXConstants.bundle/app.config
copying file ./Payload/SocialCircle.app/EXConstants.bundle/Info.plist ... 
2025-09-18 03:17:10 +0000  765 bytes for ./Payload/SocialCircle.app/EXConstants.bundle/Info.plist
2025-09-18 03:17:10 +0000  copying file ./Payload/SocialCircle.app/ExpoDevice_privacy.bundle/PrivacyInfo.xcprivacy ... 
2025-09-18 03:17:10 +0000  609 bytes for ./Payload/SocialCircle.app/ExpoDevice_privacy.bundle/PrivacyInfo.xcprivacy
copying file ./Payload/SocialCircle.app/ExpoDevice_privacy.bundle/Info.plist ... 
2025-09-18 03:17:10 +0000  780 bytes for ./Payload/SocialCircle.app/ExpoDevice_privacy.bundle/Info.plist
copying file ./Payload/SocialCircle.app/FontAwesome6_Solid.ttf ... 
2025-09-18 03:17:10 +0000  423676 bytes for ./Payload/SocialCircle.app/FontAwesome6_Solid.ttf
copying file ./Payload/SocialCircle.app/PrivacyInfo.xcprivacy ... 
2025-09-18 03:17:10 +0000  1339 bytes for ./Payload/SocialCircle.app/PrivacyInfo.xcprivacy
2025-09-18 03:17:10 +0000  copying file ./Payload/SocialCircle.app/ExpoNotifications_privacy.bundle/PrivacyInfo.xcprivacy ... 
2025-09-18 03:17:10 +0000  607 bytes for ./Payload/SocialCircle.app/ExpoNotifications_privacy.bundle/PrivacyInfo.xcprivacy
2025-09-18 03:17:10 +0000  copying file ./Payload/SocialCircle.app/ExpoNotifications_privacy.bundle/Info.plist ... 
2025-09-18 03:17:10 +0000  795 bytes for ./Payload/SocialCircle.app/ExpoNotifications_privacy.bundle/Info.plist
2025-09-18 03:17:10 +0000  copying file ./Payload/SocialCircle.app/RNSVGFilters.bundle/RNSVGArithmeticFilter.iphoneos.metallib ... 
2025-09-18 03:17:10 +0000  3993 bytes for ./Payload/SocialCircle.app/RNSVGFilters.bundle/RNSVGArithmeticFilter.iphoneos.metallib
2025-09-18 03:17:10 +0000  copying file ./Payload/SocialCircle.app/RNSVGFilters.bundle/RNSVGCompositeXor.iphoneos.metallib ... 
2025-09-18 03:17:10 +0000  3509 bytes for ./Payload/SocialCircle.app/RNSVGFilters.bundle/RNSVGCompositeXor.iphoneos.metallib
2025-09-18 03:17:10 +0000  copying file ./Payload/SocialCircle.app/RNSVGFilters.bundle/Info.plist ... 
2025-09-18 03:17:10 +0000  768 bytes for ./Payload/SocialCircle.app/RNSVGFilters.bundle/Info.plist
2025-09-18 03:17:10 +0000  copying file ./Payload/SocialCircle.app/boost_privacy.bundle/Info.plist ... 
2025-09-18 03:17:10 +0000  769 bytes for ./Payload/SocialCircle.app/boost_privacy.bundle/Info.plist
2025-09-18 03:17:10 +0000  copying file ./Payload/SocialCircle.app/ReactNativeMapsPrivacy.bundle/PrivacyInfo.xcprivacy ... 
2025-09-18 03:17:10 +0000  1209 bytes for ./Payload/SocialCircle.app/ReactNativeMapsPrivacy.bundle/PrivacyInfo.xcprivacy
2025-09-18 03:17:10 +0000  copying file ./Payload/SocialCircle.app/ReactNativeMapsPrivacy.bundle/Info.plist ... 
2025-09-18 03:17:10 +0000  789 bytes for ./Payload/SocialCircle.app/ReactNativeMapsPrivacy.bundle/Info.plist
2025-09-18 03:17:10 +0000  copying file ./Payload/SocialCircle.app/Frameworks/hermes.framework/_CodeSignature/CodeResources ... 
2025-09-18 03:17:10 +0000  1798 bytes for ./Payload/SocialCircle.app/Frameworks/hermes.framework/_CodeSignature/CodeResources
2025-09-18 03:17:10 +0000  copying file ./Payload/SocialCircle.app/Frameworks/hermes.framework/hermes ... 
2025-09-18 03:17:10 +0000  4673168 bytes for ./Payload/SocialCircle.app/Frameworks/hermes.framework/hermes
copying file ./Payload/SocialCircle.app/Frameworks/hermes.framework/Info.plist ... 
2025-09-18 03:17:10 +0000  859 bytes for ./Payload/SocialCircle.app/Frameworks/hermes.framework/Info.plist
copying file ./Payload/SocialCircle.app/SimpleLineIcons.ttf ... 
2025-09-18 03:17:10 +0000  54056 bytes for ./Payload/SocialCircle.app/SimpleLineIcons.ttf
copying file ./Payload/SocialCircle.app/FontAwesome6_Brands.ttf ... 
2025-09-18 03:17:10 +0000  209376 bytes for ./Payload/SocialCircle.app/FontAwesome6_Brands.ttf
copying file ./Payload/SocialCircle.app/embedded.mobileprovision ... 
2025-09-18 03:17:10 +0000  16412 bytes for ./Payload/SocialCircle.app/embedded.mobileprovision
2025-09-18 03:17:10 +0000  copying file ./Payload/SocialCircle.app/assets/node_modules/@react-navigation/elements/lib/module/assets/back-icon@3x.png ... 
2025-09-18 03:17:10 +0000  761 bytes for ./Payload/SocialCircle.app/assets/node_modules/@react-navigation/elements/lib/module/assets/back-icon@3x.png
2025-09-18 03:17:10 +0000  copying file ./Payload/SocialCircle.app/assets/node_modules/@react-navigation/elements/lib/module/assets/back-icon@2x.png ... 
2025-09-18 03:17:10 +0000  405 bytes for ./Payload/SocialCircle.app/assets/node_modules/@react-navigation/elements/lib/module/assets/back-icon@2x.png
2025-09-18 03:17:10 +0000  copying file ./Payload/SocialCircle.app/assets/node_modules/@react-navigation/elements/lib/module/assets/search-icon@2x.png ... 
2025-09-18 03:17:10 +0000  589 bytes for ./Payload/SocialCircle.app/assets/node_modules/@react-navigation/elements/lib/module/assets/search-icon@2x.png
2025-09-18 03:17:10 +0000  copying file ./Payload/SocialCircle.app/assets/node_modules/@react-navigation/elements/lib/module/assets/clear-icon@3x.png ... 
2025-09-18 03:17:10 +0000  502 bytes for ./Payload/SocialCircle.app/assets/node_modules/@react-navigation/elements/lib/module/assets/clear-icon@3x.png
2025-09-18 03:17:10 +0000  copying file ./Payload/SocialCircle.app/assets/node_modules/@react-navigation/elements/lib/module/assets/back-icon.png ... 
2025-09-18 03:17:10 +0000  290 bytes for ./Payload/SocialCircle.app/assets/node_modules/@react-navigation/elements/lib/module/assets/back-icon.png
2025-09-18 03:17:10 +0000  copying file ./Payload/SocialCircle.app/assets/node_modules/@react-navigation/elements/lib/module/assets/clear-icon@2x.png ... 
2025-09-18 03:17:10 +0000  334 bytes for ./Payload/SocialCircle.app/assets/node_modules/@react-navigation/elements/lib/module/assets/clear-icon@2x.png
2025-09-18 03:17:10 +0000  copying file ./Payload/SocialCircle.app/assets/node_modules/@react-navigation/elements/lib/module/assets/search-icon@3x.png ... 
2025-09-18 03:17:10 +0000  839 bytes for ./Payload/SocialCircle.app/assets/node_modules/@react-navigation/elements/lib/module/assets/search-icon@3x.png
2025-09-18 03:17:10 +0000  copying file ./Payload/SocialCircle.app/assets/node_modules/@react-navigation/elements/lib/module/assets/close-icon.png ... 
2025-09-18 03:17:10 +0000  141 bytes for ./Payload/SocialCircle.app/assets/node_modules/@react-navigation/elements/lib/module/assets/close-icon.png
2025-09-18 03:17:10 +0000  copying file ./Payload/SocialCircle.app/assets/node_modules/@react-navigation/elements/lib/module/assets/back-icon-mask.png ... 
2025-09-18 03:17:10 +0000  653 bytes for ./Payload/SocialCircle.app/assets/node_modules/@react-navigation/elements/lib/module/assets/back-icon-mask.png
2025-09-18 03:17:10 +0000  copying file ./Payload/SocialCircle.app/assets/node_modules/@react-navigation/elements/lib/module/assets/close-icon@2x.png ... 
2025-09-18 03:17:10 +0000  201 bytes for ./Payload/SocialCircle.app/assets/node_modules/@react-navigation/elements/lib/module/assets/close-icon@2x.png
2025-09-18 03:17:10 +0000  copying file ./Payload/SocialCircle.app/assets/node_modules/@react-navigation/elements/lib/module/assets/close-icon@3x.png ... 
2025-09-18 03:17:10 +0000  266 bytes for ./Payload/SocialCircle.app/assets/node_modules/@react-navigation/elements/lib/module/assets/close-icon@3x.png
2025-09-18 03:17:10 +0000  copying file ./Payload/SocialCircle.app/assets/node_modules/@react-navigation/elements/lib/module/assets/clear-icon.png ... 
2025-09-18 03:17:10 +0000  220 bytes for ./Payload/SocialCircle.app/assets/node_modules/@react-navigation/elements/lib/module/assets/clear-icon.png
2025-09-18 03:17:10 +0000  copying file ./Payload/SocialCircle.app/assets/node_modules/@react-navigation/elements/lib/module/assets/search-icon.png ... 
2025-09-18 03:17:10 +0000  317 bytes for ./Payload/SocialCircle.app/assets/node_modules/@react-navigation/elements/lib/module/assets/search-icon.png
2025-09-18 03:17:10 +0000  copying file ./Payload/SocialCircle.app/assets/node_modules/@expo/vector-icons/build/vendor/react-native-vector-icons/Fonts/Fontisto.ttf ... 
2025-09-18 03:17:10 +0000  313528 bytes for ./Payload/SocialCircle.app/assets/node_modules/@expo/vector-icons/build/vendor/react-native-vector-icons/Fonts/Fontisto.ttf
copying file ./Payload/SocialCircle.app/assets/node_modules/@expo/vector-icons/build/vendor/react-native-vector-icons/Fonts/Octicons.ttf ... 
2025-09-18 03:17:10 +0000  49404 bytes for ./Payload/SocialCircle.app/assets/node_modules/@expo/vector-icons/build/vendor/react-native-vector-icons/Fonts/Octicons.ttf
copying file ./Payload/SocialCircle.app/assets/node_modules/@expo/vector-icons/build/vendor/react-native-vector-icons/Fonts/Feather.ttf ... 
2025-09-18 03:17:10 +0000  56228 bytes for ./Payload/SocialCircle.app/assets/node_modules/@expo/vector-icons/build/vendor/react-native-vector-icons/Fonts/Feather.ttf
copying file ./Payload/SocialCircle.app/assets/node_modules/@expo/vector-icons/build/vendor/react-native-vector-icons/Fonts/FontAwesome6_Regular.ttf ... 
2025-09-18 03:17:10 +0000  67976 bytes for ./Payload/SocialCircle.app/assets/node_modules/@expo/vector-icons/build/vendor/react-native-vector-icons/Fonts/FontAwesome6_Regular.ttf
copying file ./Payload/SocialCircle.app/assets/node_modules/@expo/vector-icons/build/vendor/react-native-vector-icons/Fonts/Entypo.ttf ... 
2025-09-18 03:17:10 +0000  66200 bytes for ./Payload/SocialCircle.app/assets/node_modules/@expo/vector-icons/build/vendor/react-native-vector-icons/Fonts/Entypo.ttf
copying file ./Payload/SocialCircle.app/assets/node_modules/@expo/vector-icons/build/vendor/react-native-vector-icons/Fonts/FontAwesome5_Brands.ttf ... 
2025-09-18 03:17:10 +0000  134040 bytes for ./Payload/SocialCircle.app/assets/node_modules/@expo/vector-icons/build/vendor/react-native-vector-icons/Fonts/FontAwesome5_Brands.ttf
2025-09-18 03:17:10 +0000  copying file ./Payload/SocialCircle.app/assets/node_modules/@expo/vector-icons/build/vendor/react-native-vector-icons/Fonts/MaterialCommunityIcons.ttf ... 
2025-09-18 03:17:10 +0000  1147844 bytes for ./Payload/SocialCircle.app/assets/node_modules/@expo/vector-icons/build/vendor/react-native-vector-icons/Fonts/MaterialCommunityIcons.ttf
copying file ./Payload/SocialCircle.app/assets/node_modules/@expo/vector-icons/build/vendor/react-native-vector-icons/Fonts/AntDesign.ttf ... 
2025-09-18 03:17:10 +0000  70344 bytes for ./Payload/SocialCircle.app/assets/node_modules/@expo/vector-icons/build/vendor/react-native-vector-icons/Fonts/AntDesign.ttf
copying file ./Payload/SocialCircle.app/assets/node_modules/@expo/vector-icons/build/vendor/react-native-vector-icons/Fonts/Foundation.ttf ... 
2025-09-18 03:17:10 +0000  56976 bytes for ./Payload/SocialCircle.app/assets/node_modules/@expo/vector-icons/build/vendor/react-native-vector-icons/Fonts/Foundation.ttf
copying file ./Payload/SocialCircle.app/assets/node_modules/@expo/vector-icons/build/vendor/react-native-vector-icons/Fonts/Ionicons.ttf ... 
2025-09-18 03:17:10 +0000  442604 bytes for ./Payload/SocialCircle.app/assets/node_modules/@expo/vector-icons/build/vendor/react-native-vector-icons/Fonts/Ionicons.ttf
copying file ./Payload/SocialCircle.app/assets/node_modules/@expo/vector-icons/build/vendor/react-native-vector-icons/Fonts/FontAwesome5_Solid.ttf ... 
2025-09-18 03:17:10 +0000  202744 bytes for ./Payload/SocialCircle.app/assets/node_modules/@expo/vector-icons/build/vendor/react-native-vector-icons/Fonts/FontAwesome5_Solid.ttf
copying file ./Payload/SocialCircle.app/assets/node_modules/@expo/vector-icons/build/vendor/react-native-vector-icons/Fonts/FontAwesome5_Regular.ttf ... 
2025-09-18 03:17:10 +0000  33736 bytes for ./Payload/SocialCircle.app/assets/node_modules/@expo/vector-icons/build/vendor/react-native-vector-icons/Fonts/FontAwesome5_Regular.ttf
copying file ./Payload/SocialCircle.app/assets/node_modules/@expo/vector-icons/build/vendor/react-native-vector-icons/Fonts/FontAwesome.ttf ... 
2025-09-18 03:17:10 +0000  165548 bytes for ./Payload/SocialCircle.app/assets/node_modules/@expo/vector-icons/build/vendor/react-native-vector-icons/Fonts/FontAwesome.ttf
copying file ./Payload/SocialCircle.app/assets/node_modules/@expo/vector-icons/build/vendor/react-native-vector-icons/Fonts/Zocial.ttf ... 
2025-09-18 03:17:10 +0000  25788 bytes for ./Payload/SocialCircle.app/assets/node_modules/@expo/vector-icons/build/vendor/react-native-vector-icons/Fonts/Zocial.ttf
copying file ./Payload/SocialCircle.app/assets/node_modules/@expo/vector-icons/build/vendor/react-native-vector-icons/Fonts/EvilIcons.ttf ... 
2025-09-18 03:17:10 +0000  13456 bytes for ./Payload/SocialCircle.app/assets/node_modules/@expo/vector-icons/build/vendor/react-native-vector-icons/Fonts/EvilIcons.ttf
2025-09-18 03:17:10 +0000  copying file ./Payload/SocialCircle.app/assets/node_modules/@expo/vector-icons/build/vendor/react-native-vector-icons/Fonts/FontAwesome6_Solid.ttf ... 
2025-09-18 03:17:10 +0000  423676 bytes for ./Payload/SocialCircle.app/assets/node_modules/@expo/vector-icons/build/vendor/react-native-vector-icons/Fonts/FontAwesome6_Solid.ttf
2025-09-18 03:17:10 +0000  copying file ./Payload/SocialCircle.app/assets/node_modules/@expo/vector-icons/build/vendor/react-native-vector-icons/Fonts/SimpleLineIcons.ttf ... 
2025-09-18 03:17:10 +0000  54056 bytes for ./Payload/SocialCircle.app/assets/node_modules/@expo/vector-icons/build/vendor/react-native-vector-icons/Fonts/SimpleLineIcons.ttf
2025-09-18 03:17:10 +0000  copying file ./Payload/SocialCircle.app/assets/node_modules/@expo/vector-icons/build/vendor/react-native-vector-icons/Fonts/FontAwesome6_Brands.ttf ... 
2025-09-18 03:17:10 +0000  209376 bytes for ./Payload/SocialCircle.app/assets/node_modules/@expo/vector-icons/build/vendor/react-native-vector-icons/Fonts/FontAwesome6_Brands.ttf
copying file ./Payload/SocialCircle.app/assets/node_modules/@expo/vector-icons/build/vendor/react-native-vector-icons/Fonts/MaterialIcons.ttf ... 
2025-09-18 03:17:10 +0000  356840 bytes for ./Payload/SocialCircle.app/assets/node_modules/@expo/vector-icons/build/vendor/react-native-vector-icons/Fonts/MaterialIcons.ttf
2025-09-18 03:17:10 +0000  copying file ./Payload/SocialCircle.app/assets/node_modules/react-native-google-places-autocomplete/images/powered_by_google_on_white@2x.png ... 
2025-09-18 03:17:10 +0000  1731 bytes for ./Payload/SocialCircle.app/assets/node_modules/react-native-google-places-autocomplete/images/powered_by_google_on_white@2x.png
2025-09-18 03:17:10 +0000  copying file ./Payload/SocialCircle.app/assets/node_modules/react-native-google-places-autocomplete/images/powered_by_google_on_white@3x.png ... 
2025-09-18 03:17:10 +0000  4232 bytes for ./Payload/SocialCircle.app/assets/node_modules/react-native-google-places-autocomplete/images/powered_by_google_on_white@3x.png
2025-09-18 03:17:10 +0000  copying file ./Payload/SocialCircle.app/assets/node_modules/react-native-google-places-autocomplete/images/powered_by_google_on_white.png ... 
2025-09-18 03:17:10 +0000  1563 bytes for ./Payload/SocialCircle.app/assets/node_modules/react-native-google-places-autocomplete/images/powered_by_google_on_white.png
2025-09-18 03:17:10 +0000  copying file ./Payload/SocialCircle.app/assets/assets/SocialCircleLogoClear.png ... 
2025-09-18 03:17:10 +0000  156231 bytes for ./Payload/SocialCircle.app/assets/assets/SocialCircleLogoClear.png
2025-09-18 03:17:10 +0000  copying file ./Payload/SocialCircle.app/assets/assets/smileDefault.png ... 
1010 bytes for ./Payload/SocialCircle.app/assets/assets/smileDefault.png
copying file ./Payload/SocialCircle.app/GoogleMapsResources.bundle/GoogleMaps.bundle/bubble_left@3x.png ... 
2025-09-18 03:17:10 +0000  2386 bytes for ./Payload/SocialCircle.app/GoogleMapsResources.bundle/GoogleMaps.bundle/bubble_left@3x.png
2025-09-18 03:17:10 +0000  copying file ./Payload/SocialCircle.app/GoogleMapsResources.bundle/GoogleMaps.bundle/bubble_left.png ... 
2025-09-18 03:17:10 +0000  451 bytes for ./Payload/SocialCircle.app/GoogleMapsResources.bundle/GoogleMaps.bundle/bubble_left.png
2025-09-18 03:17:10 +0000  copying file ./Payload/SocialCircle.app/GoogleMapsResources.bundle/GoogleMaps.bundle/bubble_left@2x.png ... 
2025-09-18 03:17:10 +0000  1055 bytes for ./Payload/SocialCircle.app/GoogleMapsResources.bundle/GoogleMaps.bundle/bubble_left@2x.png
2025-09-18 03:17:10 +0000  copying file ./Payload/SocialCircle.app/GoogleMapsResources.bundle/GoogleMaps.bundle/bubble_right@3x.png ... 
2025-09-18 03:17:10 +0000  2374 bytes for ./Payload/SocialCircle.app/GoogleMapsResources.bundle/GoogleMaps.bundle/bubble_right@3x.png
2025-09-18 03:17:10 +0000  copying file ./Payload/SocialCircle.app/GoogleMapsResources.bundle/GoogleMaps.bundle/ic_error.png ... 
2025-09-18 03:17:10 +0000  236 bytes for ./Payload/SocialCircle.app/GoogleMapsResources.bundle/GoogleMaps.bundle/ic_error.png
2025-09-18 03:17:10 +0000  copying file ./Payload/SocialCircle.app/GoogleMapsResources.bundle/GoogleMaps.bundle/bubble_right@2x.png ... 
2025-09-18 03:17:10 +0000  1051 bytes for ./Payload/SocialCircle.app/GoogleMapsResources.bundle/GoogleMaps.bundle/bubble_right@2x.png
2025-09-18 03:17:10 +0000  copying file ./Payload/SocialCircle.app/GoogleMapsResources.bundle/GoogleMaps.bundle/GMSCoreResources.bundle/de.lproj/GMSCore.strings ... 
2025-09-18 03:17:10 +0000  4308 bytes for ./Payload/SocialCircle.app/GoogleMapsResources.bundle/GoogleMaps.bundle/GMSCoreResources.bundle/de.lproj/GMSCore.strings
2025-09-18 03:17:10 +0000  copying file ./Payload/SocialCircle.app/GoogleMapsResources.bundle/GoogleMaps.bundle/GMSCoreResources.bundle/he.lproj/GMSCore.strings ... 
2025-09-18 03:17:10 +0000  4436 bytes for ./Payload/SocialCircle.app/GoogleMapsResources.bundle/GoogleMaps.bundle/GMSCoreResources.bundle/he.lproj/GMSCore.strings
2025-09-18 03:17:10 +0000  copying file ./Payload/SocialCircle.app/GoogleMapsResources.bundle/GoogleMaps.bundle/GMSCoreResources.bundle/en_AU.lproj/GMSCore.strings ... 
2025-09-18 03:17:10 +0000  4078 bytes for ./Payload/SocialCircle.app/GoogleMapsResources.bundle/GoogleMaps.bundle/GMSCoreResources.bundle/en_AU.lproj/GMSCore.strings
2025-09-18 03:17:10 +0000  copying file ./Payload/SocialCircle.app/GoogleMapsResources.bundle/GoogleMaps.bundle/GMSCoreResources.bundle/ic_covid_medical_waypoint_alert_32pt@2x.png ... 
2025-09-18 03:17:10 +0000  943 bytes for ./Payload/SocialCircle.app/GoogleMapsResources.bundle/GoogleMaps.bundle/GMSCoreResources.bundle/ic_covid_medical_waypoint_alert_32pt@2x.png
2025-09-18 03:17:10 +0000  copying file ./Payload/SocialCircle.app/GoogleMapsResources.bundle/GoogleMaps.bundle/GMSCoreResources.bundle/ar.lproj/GMSCore.strings ... 
2025-09-18 03:17:10 +0000  5230 bytes for ./Payload/SocialCircle.app/GoogleMapsResources.bundle/GoogleMaps.bundle/GMSCoreResources.bundle/ar.lproj/GMSCore.strings
2025-09-18 03:17:10 +0000  copying file ./Payload/SocialCircle.app/GoogleMapsResources.bundle/GoogleMaps.bundle/GMSCoreResources.bundle/el.lproj/GMSCore.strings ... 
2025-09-18 03:17:10 +0000  4694 bytes for ./Payload/SocialCircle.app/GoogleMapsResources.bundle/GoogleMaps.bundle/GMSCoreResources.bundle/el.lproj/GMSCore.strings
2025-09-18 03:17:10 +0000  copying file ./Payload/SocialCircle.app/GoogleMapsResources.bundle/GoogleMaps.bundle/GMSCoreResources.bundle/ja.lproj/GMSCore.strings ... 
2025-09-18 03:17:10 +0000  3880 bytes for ./Payload/SocialCircle.app/GoogleMapsResources.bundle/GoogleMaps.bundle/GMSCoreResources.bundle/ja.lproj/GMSCore.strings
2025-09-18 03:17:10 +0000  copying file ./Payload/SocialCircle.app/GoogleMapsResources.bundle/GoogleMaps.bundle/GMSCoreResources.bundle/ic_covid_checkpoint_waypoint_alert_night_32pt.png ... 
2025-09-18 03:17:10 +0000  602 bytes for ./Payload/SocialCircle.app/GoogleMapsResources.bundle/GoogleMaps.bundle/GMSCoreResources.bundle/ic_covid_checkpoint_waypoint_alert_night_32pt.png
2025-09-18 03:17:10 +0000  copying file ./Payload/SocialCircle.app/GoogleMapsResources.bundle/GoogleMaps.bundle/GMSCoreResources.bundle/sq.lproj/GMSCore.strings ... 
2025-09-18 03:17:10 +0000  4410 bytes for ./Payload/SocialCircle.app/GoogleMapsResources.bundle/GoogleMaps.bundle/GMSCoreResources.bundle/sq.lproj/GMSCore.strings
2025-09-18 03:17:10 +0000  copying file ./Payload/SocialCircle.app/GoogleMapsResources.bundle/GoogleMaps.bundle/GMSCoreResources.bundle/ic_qu_direction_mylocation@2x.png ... 
2025-09-18 03:17:10 +0000  663 bytes for ./Payload/SocialCircle.app/GoogleMapsResources.bundle/GoogleMaps.bundle/GMSCoreResources.bundle/ic_qu_direction_mylocation@2x.png
2025-09-18 03:17:10 +0000  copying file ./Payload/SocialCircle.app/GoogleMapsResources.bundle/GoogleMaps.bundle/GMSCoreResources.bundle/en.lproj/GMSCore.strings ... 
2025-09-18 03:17:10 +0000  4061 bytes for ./Payload/SocialCircle.app/GoogleMapsResources.bundle/GoogleMaps.bundle/GMSCoreResources.bundle/en.lproj/GMSCore.strings
2025-09-18 03:17:10 +0000  copying file ./Payload/SocialCircle.app/GoogleMapsResources.bundle/GoogleMaps.bundle/GMSCoreResources.bundle/ic_covid_border_waypoint_alert_32pt.png ... 
2025-09-18 03:17:10 +0000  422 bytes for ./Payload/SocialCircle.app/GoogleMapsResources.bundle/GoogleMaps.bundle/GMSCoreResources.bundle/ic_covid_border_waypoint_alert_32pt.png
2025-09-18 03:17:10 +0000  copying file ./Payload/SocialCircle.app/GoogleMapsResources.bundle/GoogleMaps.bundle/GMSCoreResources.bundle/uk.lproj/GMSCore.strings ... 
2025-09-18 03:17:10 +0000  4963 bytes for ./Payload/SocialCircle.app/GoogleMapsResources.bundle/GoogleMaps.bundle/GMSCoreResources.bundle/uk.lproj/GMSCore.strings
2025-09-18 03:17:10 +0000  copying file ./Payload/SocialCircle.app/GoogleMapsResources.bundle/GoogleMaps.bundle/GMSCoreResources.bundle/ic_qu_direction_mylocation.png ... 
2025-09-18 03:17:10 +0000  362 bytes for ./Payload/SocialCircle.app/GoogleMapsResources.bundle/GoogleMaps.bundle/GMSCoreResources.bundle/ic_qu_direction_mylocation.png
2025-09-18 03:17:10 +0000  copying file ./Payload/SocialCircle.app/GoogleMapsResources.bundle/GoogleMaps.bundle/GMSCoreResources.bundle/es_419.lproj/GMSCore.strings ... 
2025-09-18 03:17:10 +0000  4376 bytes for ./Payload/SocialCircle.app/GoogleMapsResources.bundle/GoogleMaps.bundle/GMSCoreResources.bundle/es_419.lproj/GMSCore.strings
2025-09-18 03:17:10 +0000  copying file ./Payload/SocialCircle.app/GoogleMapsResources.bundle/GoogleMaps.bundle/GMSCoreResources.bundle/GMSSprites-0-1x.png ... 
2025-09-18 03:17:10 +0000  13906 bytes for ./Payload/SocialCircle.app/GoogleMapsResources.bundle/GoogleMaps.bundle/GMSCoreResources.bundle/GMSSprites-0-1x.png
2025-09-18 03:17:10 +0000  copying file ./Payload/SocialCircle.app/GoogleMapsResources.bundle/GoogleMaps.bundle/GMSCoreResources.bundle/ic_compass_needle_large@2x.png ... 
2025-09-18 03:17:10 +0000  2446 bytes for ./Payload/SocialCircle.app/GoogleMapsResources.bundle/GoogleMaps.bundle/GMSCoreResources.bundle/ic_compass_needle_large@2x.png
2025-09-18 03:17:10 +0000  copying file ./Payload/SocialCircle.app/GoogleMapsResources.bundle/GoogleMaps.bundle/GMSCoreResources.bundle/ic_compass_needle_large@3x.png ... 
2025-09-18 03:17:10 +0000  3304 bytes for ./Payload/SocialCircle.app/GoogleMapsResources.bundle/GoogleMaps.bundle/GMSCoreResources.bundle/ic_compass_needle_large@3x.png
2025-09-18 03:17:10 +0000  copying file ./Payload/SocialCircle.app/GoogleMapsResources.bundle/GoogleMaps.bundle/GMSCoreResources.bundle/es_MX.lproj/GMSCore.strings ... 
2025-09-18 03:17:10 +0000  4376 bytes for ./Payload/SocialCircle.app/GoogleMapsResources.bundle/GoogleMaps.bundle/GMSCoreResources.bundle/es_MX.lproj/GMSCore.strings
2025-09-18 03:17:10 +0000  copying file ./Payload/SocialCircle.app/GoogleMapsResources.bundle/GoogleMaps.bundle/GMSCoreResources.bundle/ic_compass_needle_large.png ... 
2025-09-18 03:17:10 +0000  1114 bytes for ./Payload/SocialCircle.app/GoogleMapsResources.bundle/GoogleMaps.bundle/GMSCoreResources.bundle/ic_compass_needle_large.png
2025-09-18 03:17:10 +0000  copying file ./Payload/SocialCircle.app/GoogleMapsResources.bundle/GoogleMaps.bundle/GMSCoreResources.bundle/zh_CN.lproj/GMSCore.strings ... 
2025-09-18 03:17:10 +0000  3871 bytes for ./Payload/SocialCircle.app/GoogleMapsResources.bundle/GoogleMaps.bundle/GMSCoreResources.bundle/zh_CN.lproj/GMSCore.strings
2025-09-18 03:17:10 +0000  copying file ./Payload/SocialCircle.app/GoogleMapsResources.bundle/GoogleMaps.bundle/GMSCoreResources.bundle/ic_qu_direction_mylocation@3x.png ... 
2025-09-18 03:17:10 +0000  1240 bytes for ./Payload/SocialCircle.app/GoogleMapsResources.bundle/GoogleMaps.bundle/GMSCoreResources.bundle/ic_qu_direction_mylocation@3x.png
2025-09-18 03:17:10 +0000  copying file ./Payload/SocialCircle.app/GoogleMapsResources.bundle/GoogleMaps.bundle/GMSCoreResources.bundle/DroidSansMerged-Regular.ttf ... 
2025-09-18 03:17:10 +0000  392092 bytes for ./Payload/SocialCircle.app/GoogleMapsResources.bundle/GoogleMaps.bundle/GMSCoreResources.bundle/DroidSansMerged-Regular.ttf
2025-09-18 03:17:10 +0000  copying file ./Payload/SocialCircle.app/GoogleMapsResources.bundle/GoogleMaps.bundle/GMSCoreResources.bundle/nb.lproj/GMSCore.strings ... 
2025-09-18 03:17:10 +0000  4211 bytes for ./Payload/SocialCircle.app/GoogleMapsResources.bundle/GoogleMaps.bundle/GMSCoreResources.bundle/nb.lproj/GMSCore.strings
2025-09-18 03:17:10 +0000  copying file ./Payload/SocialCircle.app/GoogleMapsResources.bundle/GoogleMaps.bundle/GMSCoreResources.bundle/es.lproj/GMSCore.strings ... 
2025-09-18 03:17:10 +0000  4377 bytes for ./Payload/SocialCircle.app/GoogleMapsResources.bundle/GoogleMaps.bundle/GMSCoreResources.bundle/es.lproj/GMSCore.strings
2025-09-18 03:17:10 +0000  copying file ./Payload/SocialCircle.app/GoogleMapsResources.bundle/GoogleMaps.bundle/GMSCoreResources.bundle/sw.lproj/GMSCore.strings ... 
2025-09-18 03:17:10 +0000  4171 bytes for ./Payload/SocialCircle.app/GoogleMapsResources.bundle/GoogleMaps.bundle/GMSCoreResources.bundle/sw.lproj/GMSCore.strings
2025-09-18 03:17:10 +0000  copying file ./Payload/SocialCircle.app/GoogleMapsResources.bundle/GoogleMaps.bundle/GMSCoreResources.bundle/ic_covid_medical_waypoint_alert_32pt@3x.png ... 
2025-09-18 03:17:10 +0000  1203 bytes for ./Payload/SocialCircle.app/GoogleMapsResources.bundle/GoogleMaps.bundle/GMSCoreResources.bundle/ic_covid_medical_waypoint_alert_32pt@3x.png
2025-09-18 03:17:10 +0000  copying file ./Payload/SocialCircle.app/GoogleMapsResources.bundle/GoogleMaps.bundle/GMSCoreResources.bundle/pt_BR.lproj/GMSCore.strings ... 
2025-09-18 03:17:10 +0000  4388 bytes for ./Payload/SocialCircle.app/GoogleMapsResources.bundle/GoogleMaps.bundle/GMSCoreResources.bundle/pt_BR.lproj/GMSCore.strings
2025-09-18 03:17:10 +0000  copying file ./Payload/SocialCircle.app/GoogleMapsResources.bundle/GoogleMaps.bundle/GMSCoreResources.bundle/da.lproj/GMSCore.strings ... 
2025-09-18 03:17:10 +0000  4321 bytes for ./Payload/SocialCircle.app/GoogleMapsResources.bundle/GoogleMaps.bundle/GMSCoreResources.bundle/da.lproj/GMSCore.strings
2025-09-18 03:17:10 +0000  copying file ./Payload/SocialCircle.app/GoogleMapsResources.bundle/GoogleMaps.bundle/GMSCoreResources.bundle/ic_location_off@3x.png ... 
2025-09-18 03:17:10 +0000  1577 bytes for ./Payload/SocialCircle.app/GoogleMapsResources.bundle/GoogleMaps.bundle/GMSCoreResources.bundle/ic_location_off@3x.png
2025-09-18 03:17:10 +0000  copying file ./Payload/SocialCircle.app/GoogleMapsResources.bundle/GoogleMaps.bundle/GMSCoreResources.bundle/it.lproj/GMSCore.strings ... 
2025-09-18 03:17:10 +0000  4115 bytes for ./Payload/SocialCircle.app/GoogleMapsResources.bundle/GoogleMaps.bundle/GMSCoreResources.bundle/it.lproj/GMSCore.strings
2025-09-18 03:17:10 +0000  copying file ./Payload/SocialCircle.app/GoogleMapsResources.bundle/GoogleMaps.bundle/GMSCoreResources.bundle/sk.lproj/GMSCore.strings ... 
2025-09-18 03:17:10 +0000  4441 bytes for ./Payload/SocialCircle.app/GoogleMapsResources.bundle/GoogleMaps.bundle/GMSCoreResources.bundle/sk.lproj/GMSCore.strings
2025-09-18 03:17:10 +0000  copying file ./Payload/SocialCircle.app/GoogleMapsResources.bundle/GoogleMaps.bundle/GMSCoreResources.bundle/GMSNavSprites-0-3x.png ... 
2025-09-18 03:17:10 +0000  20924 bytes for ./Payload/SocialCircle.app/GoogleMapsResources.bundle/GoogleMaps.bundle/GMSCoreResources.bundle/GMSNavSprites-0-3x.png
2025-09-18 03:17:10 +0000  copying file ./Payload/SocialCircle.app/GoogleMapsResources.bundle/GoogleMaps.bundle/GMSCoreResources.bundle/pt_PT.lproj/GMSCore.strings ... 
2025-09-18 03:17:10 +0000  4389 bytes for ./Payload/SocialCircle.app/GoogleMapsResources.bundle/GoogleMaps.bundle/GMSCoreResources.bundle/pt_PT.lproj/GMSCore.strings
2025-09-18 03:17:10 +0000  copying file ./Payload/SocialCircle.app/GoogleMapsResources.bundle/GoogleMaps.bundle/GMSCoreResources.bundle/button_compass_night.png ... 
2025-09-18 03:17:10 +0000  720 bytes for ./Payload/SocialCircle.app/GoogleMapsResources.bundle/GoogleMaps.bundle/GMSCoreResources.bundle/button_compass_night.png
2025-09-18 03:17:10 +0000  copying file ./Payload/SocialCircle.app/GoogleMapsResources.bundle/GoogleMaps.bundle/GMSCoreResources.bundle/button_my_location.png ... 
2025-09-18 03:17:10 +0000  492 bytes for ./Payload/SocialCircle.app/GoogleMapsResources.bundle/GoogleMaps.bundle/GMSCoreResources.bundle/button_my_location.png
2025-09-18 03:17:10 +0000  copying file ./Payload/SocialCircle.app/GoogleMapsResources.bundle/GoogleMaps.bundle/GMSCoreResources.bundle/road_16-4.png ... 
2025-09-18 03:17:10 +0000  127 bytes for ./Payload/SocialCircle.app/GoogleMapsResources.bundle/GoogleMaps.bundle/GMSCoreResources.bundle/road_16-4.png
2025-09-18 03:17:10 +0000  copying file ./Payload/SocialCircle.app/GoogleMapsResources.bundle/GoogleMaps.bundle/GMSCoreResources.bundle/sr.lproj/GMSCore.strings ... 
2025-09-18 03:17:10 +0000  4754 bytes for ./Payload/SocialCircle.app/GoogleMapsResources.bundle/GoogleMaps.bundle/GMSCoreResources.bundle/sr.lproj/GMSCore.strings
2025-09-18 03:17:10 +0000  copying file ./Payload/SocialCircle.app/GoogleMapsResources.bundle/GoogleMaps.bundle/GMSCoreResources.bundle/ms.lproj/GMSCore.strings ... 
2025-09-18 03:17:10 +0000  4033 bytes for ./Payload/SocialCircle.app/GoogleMapsResources.bundle/GoogleMaps.bundle/GMSCoreResources.bundle/ms.lproj/GMSCore.strings
2025-09-18 03:17:10 +0000  copying file ./Payload/SocialCircle.app/GoogleMapsResources.bundle/GoogleMaps.bundle/GMSCoreResources.bundle/road_256-64.png ... 
2025-09-18 03:17:10 +0000  1934 bytes for ./Payload/SocialCircle.app/GoogleMapsResources.bundle/GoogleMaps.bundle/GMSCoreResources.bundle/road_256-64.png
2025-09-18 03:17:10 +0000  copying file ./Payload/SocialCircle.app/GoogleMapsResources.bundle/GoogleMaps.bundle/GMSCoreResources.bundle/button_compass.png ... 
2025-09-18 03:17:10 +0000  631 bytes for ./Payload/SocialCircle.app/GoogleMapsResources.bundle/GoogleMaps.bundle/GMSCoreResources.bundle/button_compass.png
2025-09-18 03:17:10 +0000  copying file ./Payload/SocialCircle.app/GoogleMapsResources.bundle/GoogleMaps.bundle/GMSCoreResources.bundle/sv.lproj/GMSCore.strings ... 
2025-09-18 03:17:10 +0000  4451 bytes for ./Payload/SocialCircle.app/GoogleMapsResources.bundle/GoogleMaps.bundle/GMSCoreResources.bundle/sv.lproj/GMSCore.strings
2025-09-18 03:17:10 +0000  copying file ./Payload/SocialCircle.app/GoogleMapsResources.bundle/GoogleMaps.bundle/GMSCoreResources.bundle/road_8-2.png ... 
2025-09-18 03:17:10 +0000  93 bytes for ./Payload/SocialCircle.app/GoogleMapsResources.bundle/GoogleMaps.bundle/GMSCoreResources.bundle/road_8-2.png
2025-09-18 03:17:10 +0000  copying file ./Payload/SocialCircle.app/GoogleMapsResources.bundle/GoogleMaps.bundle/GMSCoreResources.bundle/ic_closed_place_waypoint_alert_32pt.png ... 
2025-09-18 03:17:10 +0000  494 bytes for ./Payload/SocialCircle.app/GoogleMapsResources.bundle/GoogleMaps.bundle/GMSCoreResources.bundle/ic_closed_place_waypoint_alert_32pt.png
2025-09-18 03:17:10 +0000  copying file ./Payload/SocialCircle.app/GoogleMapsResources.bundle/GoogleMaps.bundle/GMSCoreResources.bundle/cs.lproj/GMSCore.strings ... 
2025-09-18 03:17:10 +0000  4667 bytes for ./Payload/SocialCircle.app/GoogleMapsResources.bundle/GoogleMaps.bundle/GMSCoreResources.bundle/cs.lproj/GMSCore.strings
2025-09-18 03:17:10 +0000  copying file ./Payload/SocialCircle.app/GoogleMapsResources.bundle/GoogleMaps.bundle/GMSCoreResources.bundle/button_background.png ... 
2025-09-18 03:17:10 +0000  334 bytes for ./Payload/SocialCircle.app/GoogleMapsResources.bundle/GoogleMaps.bundle/GMSCoreResources.bundle/button_background.png
2025-09-18 03:17:10 +0000  copying file ./Payload/SocialCircle.app/GoogleMapsResources.bundle/GoogleMaps.bundle/GMSCoreResources.bundle/GMSNavNightModeSprites-0-1x.png ... 
2025-09-18 03:17:10 +0000  3393 bytes for ./Payload/SocialCircle.app/GoogleMapsResources.bundle/GoogleMaps.bundle/GMSCoreResources.bundle/GMSNavNightModeSprites-0-1x.png
2025-09-18 03:17:10 +0000  copying file ./Payload/SocialCircle.app/GoogleMapsResources.bundle/GoogleMaps.bundle/GMSCoreResources.bundle/button_my_location@2x.png ... 
2025-09-18 03:17:10 +0000  1229 bytes for ./Payload/SocialCircle.app/GoogleMapsResources.bundle/GoogleMaps.bundle/GMSCoreResources.bundle/button_my_location@2x.png
2025-09-18 03:17:10 +0000  copying file ./Payload/SocialCircle.app/GoogleMapsResources.bundle/GoogleMaps.bundle/GMSCoreResources.bundle/en_IN.lproj/GMSCore.strings ... 
2025-09-18 03:17:10 +0000  4078 bytes for ./Payload/SocialCircle.app/GoogleMapsResources.bundle/GoogleMaps.bundle/GMSCoreResources.bundle/en_IN.lproj/GMSCore.strings
2025-09-18 03:17:10 +0000  copying file ./Payload/SocialCircle.app/GoogleMapsResources.bundle/GoogleMaps.bundle/GMSCoreResources.bundle/ko.lproj/GMSCore.strings ... 
2025-09-18 03:17:10 +0000  3904 bytes for ./Payload/SocialCircle.app/GoogleMapsResources.bundle/GoogleMaps.bundle/GMSCoreResources.bundle/ko.lproj/GMSCore.strings
2025-09-18 03:17:10 +0000  copying file ./Payload/SocialCircle.app/GoogleMapsResources.bundle/GoogleMaps.bundle/GMSCoreResources.bundle/GMSNavSprites-0-2x.png ... 
2025-09-18 03:17:10 +0000  13321 bytes for ./Payload/SocialCircle.app/GoogleMapsResources.bundle/GoogleMaps.bundle/GMSCoreResources.bundle/GMSNavSprites-0-2x.png
2025-09-18 03:17:10 +0000  copying file ./Payload/SocialCircle.app/GoogleMapsResources.bundle/GoogleMaps.bundle/GMSCoreResources.bundle/hy.lproj/GMSCore.strings ... 
2025-09-18 03:17:10 +0000  4312 bytes for ./Payload/SocialCircle.app/GoogleMapsResources.bundle/GoogleMaps.bundle/GMSCoreResources.bundle/hy.lproj/GMSCore.strings
2025-09-18 03:17:10 +0000  copying file ./Payload/SocialCircle.app/GoogleMapsResources.bundle/GoogleMaps.bundle/GMSCoreResources.bundle/ic_location_off@2x.png ... 
2025-09-18 03:17:10 +0000  860 bytes for ./Payload/SocialCircle.app/GoogleMapsResources.bundle/GoogleMaps.bundle/GMSCoreResources.bundle/ic_location_off@2x.png
2025-09-18 03:17:10 +0000  copying file ./Payload/SocialCircle.app/GoogleMapsResources.bundle/GoogleMaps.bundle/GMSCoreResources.bundle/my.lproj/GMSCore.strings ... 
2025-09-18 03:17:10 +0000  4524 bytes for ./Payload/SocialCircle.app/GoogleMapsResources.bundle/GoogleMaps.bundle/GMSCoreResources.bundle/my.lproj/GMSCore.strings
2025-09-18 03:17:10 +0000  copying file ./Payload/SocialCircle.app/GoogleMapsResources.bundle/GoogleMaps.bundle/GMSCoreResources.bundle/ic_covid_checkpoint_waypoint_alert_32pt@2x.png ... 
2025-09-18 03:17:10 +0000  1373 bytes for ./Payload/SocialCircle.app/GoogleMapsResources.bundle/GoogleMaps.bundle/GMSCoreResources.bundle/ic_covid_checkpoint_waypoint_alert_32pt@2x.png
2025-09-18 03:17:10 +0000  copying file ./Payload/SocialCircle.app/GoogleMapsResources.bundle/GoogleMaps.bundle/GMSCoreResources.bundle/GMSNavSprites-0-1x.png ... 
2025-09-18 03:17:10 +0000  5684 bytes for ./Payload/SocialCircle.app/GoogleMapsResources.bundle/GoogleMaps.bundle/GMSCoreResources.bundle/GMSNavSprites-0-1x.png
2025-09-18 03:17:10 +0000  copying file ./Payload/SocialCircle.app/GoogleMapsResources.bundle/GoogleMaps.bundle/GMSCoreResources.bundle/Tharlon-Regular.ttf ... 
2025-09-18 03:17:10 +0000  353228 bytes for ./Payload/SocialCircle.app/GoogleMapsResources.bundle/GoogleMaps.bundle/GMSCoreResources.bundle/Tharlon-Regular.ttf
2025-09-18 03:17:10 +0000  copying file ./Payload/SocialCircle.app/GoogleMapsResources.bundle/GoogleMaps.bundle/GMSCoreResources.bundle/hu.lproj/GMSCore.strings ... 
2025-09-18 03:17:10 +0000  4195 bytes for ./Payload/SocialCircle.app/GoogleMapsResources.bundle/GoogleMaps.bundle/GMSCoreResources.bundle/hu.lproj/GMSCore.strings
2025-09-18 03:17:10 +0000  copying file ./Payload/SocialCircle.app/GoogleMapsResources.bundle/GoogleMaps.bundle/GMSCoreResources.bundle/zh_HK.lproj/GMSCore.strings ... 
2025-09-18 03:17:10 +0000  3832 bytes for ./Payload/SocialCircle.app/GoogleMapsResources.bundle/GoogleMaps.bundle/GMSCoreResources.bundle/zh_HK.lproj/GMSCore.strings
2025-09-18 03:17:10 +0000  copying file ./Payload/SocialCircle.app/GoogleMapsResources.bundle/GoogleMaps.bundle/GMSCoreResources.bundle/road_4-1.png ... 
2025-09-18 03:17:10 +0000  74 bytes for ./Payload/SocialCircle.app/GoogleMapsResources.bundle/GoogleMaps.bundle/GMSCoreResources.bundle/road_4-1.png
2025-09-18 03:17:10 +0000  copying file ./Payload/SocialCircle.app/GoogleMapsResources.bundle/GoogleMaps.bundle/GMSCoreResources.bundle/ka.lproj/GMSCore.strings ... 
2025-09-18 03:17:10 +0000  4322 bytes for ./Payload/SocialCircle.app/GoogleMapsResources.bundle/GoogleMaps.bundle/GMSCoreResources.bundle/ka.lproj/GMSCore.strings
2025-09-18 03:17:10 +0000  copying file ./Payload/SocialCircle.app/GoogleMapsResources.bundle/GoogleMaps.bundle/GMSCoreResources.bundle/button_background@2x.png ... 
2025-09-18 03:17:10 +0000  433 bytes for ./Payload/SocialCircle.app/GoogleMapsResources.bundle/GoogleMaps.bundle/GMSCoreResources.bundle/button_background@2x.png
2025-09-18 03:17:10 +0000  copying file ./Payload/SocialCircle.app/GoogleMapsResources.bundle/GoogleMaps.bundle/GMSCoreResources.bundle/ic_compass_needle_32pt.png ... 
2025-09-18 03:17:10 +0000  742 bytes for ./Payload/SocialCircle.app/GoogleMapsResources.bundle/GoogleMaps.bundle/GMSCoreResources.bundle/ic_compass_needle_32pt.png
2025-09-18 03:17:10 +0000  copying file ./Payload/SocialCircle.app/GoogleMapsResources.bundle/GoogleMaps.bundle/GMSCoreResources.bundle/ic_compass_needle@2x.png ... 
2025-09-18 03:17:10 +0000  992 bytes for ./Payload/SocialCircle.app/GoogleMapsResources.bundle/GoogleMaps.bundle/GMSCoreResources.bundle/ic_compass_needle@2x.png
2025-09-18 03:17:10 +0000  copying file ./Payload/SocialCircle.app/GoogleMapsResources.bundle/GoogleMaps.bundle/GMSCoreResources.bundle/Assets.car ... 
2025-09-18 03:17:10 +0000  48575 bytes for ./Payload/SocialCircle.app/GoogleMapsResources.bundle/GoogleMaps.bundle/GMSCoreResources.bundle/Assets.car
2025-09-18 03:17:10 +0000  copying file ./Payload/SocialCircle.app/GoogleMapsResources.bundle/GoogleMaps.bundle/GMSCoreResources.bundle/tr.lproj/GMSCore.strings ... 
2025-09-18 03:17:10 +0000  4175 bytes for ./Payload/SocialCircle.app/GoogleMapsResources.bundle/GoogleMaps.bundle/GMSCoreResources.bundle/tr.lproj/GMSCore.strings
2025-09-18 03:17:10 +0000  copying file ./Payload/SocialCircle.app/GoogleMapsResources.bundle/GoogleMaps.bundle/GMSCoreResources.bundle/pl.lproj/GMSCore.strings ... 
2025-09-18 03:17:10 +0000  4491 bytes for ./Payload/SocialCircle.app/GoogleMapsResources.bundle/GoogleMaps.bundle/GMSCoreResources.bundle/pl.lproj/GMSCore.strings
2025-09-18 03:17:10 +0000  copying file ./Payload/SocialCircle.app/GoogleMapsResources.bundle/GoogleMaps.bundle/GMSCoreResources.bundle/zh_TW.lproj/GMSCore.strings ... 
2025-09-18 03:17:10 +0000  3857 bytes for ./Payload/SocialCircle.app/GoogleMapsResources.bundle/GoogleMaps.bundle/GMSCoreResources.bundle/zh_TW.lproj/GMSCore.strings
2025-09-18 03:17:10 +0000  copying file ./Payload/SocialCircle.app/GoogleMapsResources.bundle/GoogleMaps.bundle/GMSCoreResources.bundle/ic_closed_place_waypoint_alert_32pt@3x.png ... 
2025-09-18 03:17:10 +0000  1643 bytes for ./Payload/SocialCircle.app/GoogleMapsResources.bundle/GoogleMaps.bundle/GMSCoreResources.bundle/ic_closed_place_waypoint_alert_32pt@3x.png
2025-09-18 03:17:10 +0000  copying file ./Payload/SocialCircle.app/GoogleMapsResources.bundle/GoogleMaps.bundle/GMSCoreResources.bundle/GMSNavNightModeSprites-0-2x.png ... 
2025-09-18 03:17:10 +0000  7660 bytes for ./Payload/SocialCircle.app/GoogleMapsResources.bundle/GoogleMaps.bundle/GMSCoreResources.bundle/GMSNavNightModeSprites-0-2x.png
2025-09-18 03:17:10 +0000  copying file ./Payload/SocialCircle.app/GoogleMapsResources.bundle/GoogleMaps.bundle/GMSCoreResources.bundle/GMSNavNightModeSprites-0-3x.png ... 
2025-09-18 03:17:10 +0000  12519 bytes for ./Payload/SocialCircle.app/GoogleMapsResources.bundle/GoogleMaps.bundle/GMSCoreResources.bundle/GMSNavNightModeSprites-0-3x.png
2025-09-18 03:17:10 +0000  copying file ./Payload/SocialCircle.app/GoogleMapsResources.bundle/GoogleMaps.bundle/GMSCoreResources.bundle/ic_closed_place_waypoint_alert_32pt@2x.png ... 
2025-09-18 03:17:10 +0000  1210 bytes for ./Payload/SocialCircle.app/GoogleMapsResources.bundle/GoogleMaps.bundle/GMSCoreResources.bundle/ic_closed_place_waypoint_alert_32pt@2x.png
2025-09-18 03:17:10 +0000  copying file ./Payload/SocialCircle.app/GoogleMapsResources.bundle/GoogleMaps.bundle/GMSCoreResources.bundle/en_GB.lproj/GMSCore.strings ... 
2025-09-18 03:17:10 +0000  4078 bytes for ./Payload/SocialCircle.app/GoogleMapsResources.bundle/GoogleMaps.bundle/GMSCoreResources.bundle/en_GB.lproj/GMSCore.strings
2025-09-18 03:17:10 +0000  copying file ./Payload/SocialCircle.app/GoogleMapsResources.bundle/GoogleMaps.bundle/GMSCoreResources.bundle/dav_one_way_16_256.png ... 
2025-09-18 03:17:10 +0000  315 bytes for ./Payload/SocialCircle.app/GoogleMapsResources.bundle/GoogleMaps.bundle/GMSCoreResources.bundle/dav_one_way_16_256.png
2025-09-18 03:17:10 +0000  copying file ./Payload/SocialCircle.app/GoogleMapsResources.bundle/GoogleMaps.bundle/GMSCoreResources.bundle/road_2-1.png ... 
2025-09-18 03:17:10 +0000  84 bytes for ./Payload/SocialCircle.app/GoogleMapsResources.bundle/GoogleMaps.bundle/GMSCoreResources.bundle/road_2-1.png
2025-09-18 03:17:10 +0000  copying file ./Payload/SocialCircle.app/GoogleMapsResources.bundle/GoogleMaps.bundle/GMSCoreResources.bundle/vi.lproj/GMSCore.strings ... 
2025-09-18 03:17:10 +0000  4232 bytes for ./Payload/SocialCircle.app/GoogleMapsResources.bundle/GoogleMaps.bundle/GMSCoreResources.bundle/vi.lproj/GMSCore.strings
2025-09-18 03:17:10 +0000  copying file ./Payload/SocialCircle.app/GoogleMapsResources.bundle/GoogleMaps.bundle/GMSCoreResources.bundle/button_background@3x.png ... 
2025-09-18 03:17:10 +0000  515 bytes for ./Payload/SocialCircle.app/GoogleMapsResources.bundle/GoogleMaps.bundle/GMSCoreResources.bundle/button_background@3x.png
2025-09-18 03:17:10 +0000  copying file ./Payload/SocialCircle.app/GoogleMapsResources.bundle/GoogleMaps.bundle/GMSCoreResources.bundle/road_32-8.png ... 
2025-09-18 03:17:10 +0000  223 bytes for ./Payload/SocialCircle.app/GoogleMapsResources.bundle/GoogleMaps.bundle/GMSCoreResources.bundle/road_32-8.png
2025-09-18 03:17:10 +0000  copying file ./Payload/SocialCircle.app/GoogleMapsResources.bundle/GoogleMaps.bundle/GMSCoreResources.bundle/lv.lproj/GMSCore.strings ... 
2025-09-18 03:17:10 +0000  4617 bytes for ./Payload/SocialCircle.app/GoogleMapsResources.bundle/GoogleMaps.bundle/GMSCoreResources.bundle/lv.lproj/GMSCore.strings
2025-09-18 03:17:10 +0000  copying file ./Payload/SocialCircle.app/GoogleMapsResources.bundle/GoogleMaps.bundle/GMSCoreResources.bundle/lt.lproj/GMSCore.strings ... 
2025-09-18 03:17:10 +0000  4321 bytes for ./Payload/SocialCircle.app/GoogleMapsResources.bundle/GoogleMaps.bundle/GMSCoreResources.bundle/lt.lproj/GMSCore.strings
2025-09-18 03:17:10 +0000  copying file ./Payload/SocialCircle.app/GoogleMapsResources.bundle/GoogleMaps.bundle/GMSCoreResources.bundle/ru.lproj/GMSCore.strings ... 
2025-09-18 03:17:10 +0000  4771 bytes for ./Payload/SocialCircle.app/GoogleMapsResources.bundle/GoogleMaps.bundle/GMSCoreResources.bundle/ru.lproj/GMSCore.strings
2025-09-18 03:17:10 +0000  copying file ./Payload/SocialCircle.app/GoogleMapsResources.bundle/GoogleMaps.bundle/GMSCoreResources.bundle/GMSShaders.metallib ... 
2025-09-18 03:17:10 +0000  305549 bytes for ./Payload/SocialCircle.app/GoogleMapsResources.bundle/GoogleMaps.bundle/GMSCoreResources.bundle/GMSShaders.metallib
copying file ./Payload/SocialCircle.app/GoogleMapsResources.bundle/GoogleMaps.bundle/GMSCoreResources.bundle/polyline_colors_texture_dim.png ... 
2025-09-18 03:17:10 +0000  7485 bytes for ./Payload/SocialCircle.app/GoogleMapsResources.bundle/GoogleMaps.bundle/GMSCoreResources.bundle/polyline_colors_texture_dim.png
2025-09-18 03:17:10 +0000  copying file ./Payload/SocialCircle.app/GoogleMapsResources.bundle/GoogleMaps.bundle/GMSCoreResources.bundle/ic_covid_checkpoint_waypoint_alert_32pt@3x.png ... 
2025-09-18 03:17:10 +0000  1826 bytes for ./Payload/SocialCircle.app/GoogleMapsResources.bundle/GoogleMaps.bundle/GMSCoreResources.bundle/ic_covid_checkpoint_waypoint_alert_32pt@3x.png
2025-09-18 03:17:10 +0000  copying file ./Payload/SocialCircle.app/GoogleMapsResources.bundle/GoogleMaps.bundle/GMSCoreResources.bundle/ic_closed_place_waypoint_alert_night_32pt.png ... 
2025-09-18 03:17:10 +0000  435 bytes for ./Payload/SocialCircle.app/GoogleMapsResources.bundle/GoogleMaps.bundle/GMSCoreResources.bundle/ic_closed_place_waypoint_alert_night_32pt.png
2025-09-18 03:17:10 +0000  copying file ./Payload/SocialCircle.app/GoogleMapsResources.bundle/GoogleMaps.bundle/GMSCoreResources.bundle/fr_CA.lproj/GMSCore.strings ... 
2025-09-18 03:17:10 +0000  4335 bytes for ./Payload/SocialCircle.app/GoogleMapsResources.bundle/GoogleMaps.bundle/GMSCoreResources.bundle/fr_CA.lproj/GMSCore.strings
2025-09-18 03:17:10 +0000  copying file ./Payload/SocialCircle.app/GoogleMapsResources.bundle/GoogleMaps.bundle/GMSCoreResources.bundle/ic_covid_checkpoint_waypoint_alert_night_32pt@3x.png ... 
2025-09-18 03:17:10 +0000  1841 bytes for ./Payload/SocialCircle.app/GoogleMapsResources.bundle/GoogleMaps.bundle/GMSCoreResources.bundle/ic_covid_checkpoint_waypoint_alert_night_32pt@3x.png
2025-09-18 03:17:10 +0000  copying file ./Payload/SocialCircle.app/GoogleMapsResources.bundle/GoogleMaps.bundle/GMSCoreResources.bundle/ic_compass_needle_32pt@2x.png ... 
2025-09-18 03:17:10 +0000  1360 bytes for ./Payload/SocialCircle.app/GoogleMapsResources.bundle/GoogleMaps.bundle/GMSCoreResources.bundle/ic_compass_needle_32pt@2x.png
2025-09-18 03:17:10 +0000  copying file ./Payload/SocialCircle.app/GoogleMapsResources.bundle/GoogleMaps.bundle/GMSCoreResources.bundle/road_128-32.png ... 
2025-09-18 03:17:10 +0000  1029 bytes for ./Payload/SocialCircle.app/GoogleMapsResources.bundle/GoogleMaps.bundle/GMSCoreResources.bundle/road_128-32.png
2025-09-18 03:17:10 +0000  copying file ./Payload/SocialCircle.app/GoogleMapsResources.bundle/GoogleMaps.bundle/GMSCoreResources.bundle/uz.lproj/GMSCore.strings ... 
2025-09-18 03:17:10 +0000  4071 bytes for ./Payload/SocialCircle.app/GoogleMapsResources.bundle/GoogleMaps.bundle/GMSCoreResources.bundle/uz.lproj/GMSCore.strings
2025-09-18 03:17:10 +0000  copying file ./Payload/SocialCircle.app/GoogleMapsResources.bundle/GoogleMaps.bundle/GMSCoreResources.bundle/ic_covid_medical_waypoint_alert_32pt.png ... 
2025-09-18 03:17:10 +0000  441 bytes for ./Payload/SocialCircle.app/GoogleMapsResources.bundle/GoogleMaps.bundle/GMSCoreResources.bundle/ic_covid_medical_waypoint_alert_32pt.png
2025-09-18 03:17:10 +0000  copying file ./Payload/SocialCircle.app/GoogleMapsResources.bundle/GoogleMaps.bundle/GMSCoreResources.bundle/fr.lproj/GMSCore.strings ... 
2025-09-18 03:17:10 +0000  4633 bytes for ./Payload/SocialCircle.app/GoogleMapsResources.bundle/GoogleMaps.bundle/GMSCoreResources.bundle/fr.lproj/GMSCore.strings
2025-09-18 03:17:10 +0000  copying file ./Payload/SocialCircle.app/GoogleMapsResources.bundle/GoogleMaps.bundle/GMSCoreResources.bundle/fi.lproj/GMSCore.strings ... 
2025-09-18 03:17:10 +0000  4286 bytes for ./Payload/SocialCircle.app/GoogleMapsResources.bundle/GoogleMaps.bundle/GMSCoreResources.bundle/fi.lproj/GMSCore.strings
2025-09-18 03:17:10 +0000  copying file ./Payload/SocialCircle.app/GoogleMapsResources.bundle/GoogleMaps.bundle/GMSCoreResources.bundle/id.lproj/GMSCore.strings ... 
2025-09-18 03:17:10 +0000  3954 bytes for ./Payload/SocialCircle.app/GoogleMapsResources.bundle/GoogleMaps.bundle/GMSCoreResources.bundle/id.lproj/GMSCore.strings
2025-09-18 03:17:10 +0000  copying file ./Payload/SocialCircle.app/GoogleMapsResources.bundle/GoogleMaps.bundle/GMSCoreResources.bundle/nl.lproj/GMSCore.strings ... 
2025-09-18 03:17:10 +0000  4144 bytes for ./Payload/SocialCircle.app/GoogleMapsResources.bundle/GoogleMaps.bundle/GMSCoreResources.bundle/nl.lproj/GMSCore.strings
2025-09-18 03:17:10 +0000  copying file ./Payload/SocialCircle.app/GoogleMapsResources.bundle/GoogleMaps.bundle/GMSCoreResources.bundle/th.lproj/GMSCore.strings ... 
2025-09-18 03:17:10 +0000  4157 bytes for ./Payload/SocialCircle.app/GoogleMapsResources.bundle/GoogleMaps.bundle/GMSCoreResources.bundle/th.lproj/GMSCore.strings
2025-09-18 03:17:10 +0000  copying file ./Payload/SocialCircle.app/GoogleMapsResources.bundle/GoogleMaps.bundle/GMSCoreResources.bundle/ic_covid_medical_waypoint_alert_night_32pt@3x.png ... 
2025-09-18 03:17:10 +0000  1066 bytes for ./Payload/SocialCircle.app/GoogleMapsResources.bundle/GoogleMaps.bundle/GMSCoreResources.bundle/ic_covid_medical_waypoint_alert_night_32pt@3x.png
2025-09-18 03:17:10 +0000  copying file ./Payload/SocialCircle.app/GoogleMapsResources.bundle/GoogleMaps.bundle/GMSCoreResources.bundle/az.lproj/GMSCore.strings ... 
2025-09-18 03:17:10 +0000  4228 bytes for ./Payload/SocialCircle.app/GoogleMapsResources.bundle/GoogleMaps.bundle/GMSCoreResources.bundle/az.lproj/GMSCore.strings
2025-09-18 03:17:10 +0000  copying file ./Payload/SocialCircle.app/GoogleMapsResources.bundle/GoogleMaps.bundle/GMSCoreResources.bundle/road_64-16.png ... 
2025-09-18 03:17:10 +0000  425 bytes for ./Payload/SocialCircle.app/GoogleMapsResources.bundle/GoogleMaps.bundle/GMSCoreResources.bundle/road_64-16.png
2025-09-18 03:17:10 +0000  copying file ./Payload/SocialCircle.app/GoogleMapsResources.bundle/GoogleMaps.bundle/GMSCoreResources.bundle/GMSSprites-0-3x.png ... 
2025-09-18 03:17:10 +0000  61437 bytes for ./Payload/SocialCircle.app/GoogleMapsResources.bundle/GoogleMaps.bundle/GMSCoreResources.bundle/GMSSprites-0-3x.png
copying file ./Payload/SocialCircle.app/GoogleMapsResources.bundle/GoogleMaps.bundle/GMSCoreResources.bundle/polyline_colors_texture.png ... 
2025-09-18 03:17:10 +0000  7433 bytes for ./Payload/SocialCircle.app/GoogleMapsResources.bundle/GoogleMaps.bundle/GMSCoreResources.bundle/polyline_colors_texture.png
2025-09-18 03:17:10 +0000  copying file ./Payload/SocialCircle.app/GoogleMapsResources.bundle/GoogleMaps.bundle/GMSCoreResources.bundle/ic_compass_needle.png ... 
2025-09-18 03:17:10 +0000  483 bytes for ./Payload/SocialCircle.app/GoogleMapsResources.bundle/GoogleMaps.bundle/GMSCoreResources.bundle/ic_compass_needle.png
2025-09-18 03:17:10 +0000  copying file ./Payload/SocialCircle.app/GoogleMapsResources.bundle/GoogleMaps.bundle/GMSCoreResources.bundle/pt.lproj/GMSCore.strings ... 
2025-09-18 03:17:10 +0000  4388 bytes for ./Payload/SocialCircle.app/GoogleMapsResources.bundle/GoogleMaps.bundle/GMSCoreResources.bundle/pt.lproj/GMSCore.strings
2025-09-18 03:17:10 +0000  copying file ./Payload/SocialCircle.app/GoogleMapsResources.bundle/GoogleMaps.bundle/GMSCoreResources.bundle/GMSShadersSim.metallib ... 
2025-09-18 03:17:10 +0000  307182 bytes for ./Payload/SocialCircle.app/GoogleMapsResources.bundle/GoogleMaps.bundle/GMSCoreResources.bundle/GMSShadersSim.metallib
copying file ./Payload/SocialCircle.app/GoogleMapsResources.bundle/GoogleMaps.bundle/GMSCoreResources.bundle/ic_covid_border_waypoint_alert_32pt@2x.png ... 
2025-09-18 03:17:10 +0000  1012 bytes for ./Payload/SocialCircle.app/GoogleMapsResources.bundle/GoogleMaps.bundle/GMSCoreResources.bundle/ic_covid_border_waypoint_alert_32pt@2x.png
2025-09-18 03:17:10 +0000  copying file ./Payload/SocialCircle.app/GoogleMapsResources.bundle/GoogleMaps.bundle/GMSCoreResources.bundle/ic_closed_place_waypoint_alert_night_32pt@2x.png ... 
2025-09-18 03:17:10 +0000  1069 bytes for ./Payload/SocialCircle.app/GoogleMapsResources.bundle/GoogleMaps.bundle/GMSCoreResources.bundle/ic_closed_place_waypoint_alert_night_32pt@2x.png
2025-09-18 03:17:10 +0000  copying file ./Payload/SocialCircle.app/GoogleMapsResources.bundle/GoogleMaps.bundle/GMSCoreResources.bundle/road_1-1.png ... 
2025-09-18 03:17:10 +0000  95 bytes for ./Payload/SocialCircle.app/GoogleMapsResources.bundle/GoogleMaps.bundle/GMSCoreResources.bundle/road_1-1.png
2025-09-18 03:17:10 +0000  copying file ./Payload/SocialCircle.app/GoogleMapsResources.bundle/GoogleMaps.bundle/GMSCoreResources.bundle/ic_location_off.png ... 
2025-09-18 03:17:10 +0000  498 bytes for ./Payload/SocialCircle.app/GoogleMapsResources.bundle/GoogleMaps.bundle/GMSCoreResources.bundle/ic_location_off.png
2025-09-18 03:17:10 +0000  copying file ./Payload/SocialCircle.app/GoogleMapsResources.bundle/GoogleMaps.bundle/GMSCoreResources.bundle/ic_covid_border_waypoint_alert_32pt@3x.png ... 
2025-09-18 03:17:10 +0000  1353 bytes for ./Payload/SocialCircle.app/GoogleMapsResources.bundle/GoogleMaps.bundle/GMSCoreResources.bundle/ic_covid_border_waypoint_alert_32pt@3x.png
2025-09-18 03:17:10 +0000  copying file ./Payload/SocialCircle.app/GoogleMapsResources.bundle/GoogleMaps.bundle/GMSCoreResources.bundle/ic_closed_place_waypoint_alert_night_32pt@3x.png ... 
2025-09-18 03:17:10 +0000  1472 bytes for ./Payload/SocialCircle.app/GoogleMapsResources.bundle/GoogleMaps.bundle/GMSCoreResources.bundle/ic_closed_place_waypoint_alert_night_32pt@3x.png
2025-09-18 03:17:10 +0000  copying file ./Payload/SocialCircle.app/GoogleMapsResources.bundle/GoogleMaps.bundle/GMSCoreResources.bundle/ro.lproj/GMSCore.strings ... 
2025-09-18 03:17:10 +0000  4491 bytes for ./Payload/SocialCircle.app/GoogleMapsResources.bundle/GoogleMaps.bundle/GMSCoreResources.bundle/ro.lproj/GMSCore.strings
2025-09-18 03:17:10 +0000  copying file ./Payload/SocialCircle.app/GoogleMapsResources.bundle/GoogleMaps.bundle/GMSCoreResources.bundle/Info.plist ... 
2025-09-18 03:17:10 +0000  359 bytes for ./Payload/SocialCircle.app/GoogleMapsResources.bundle/GoogleMaps.bundle/GMSCoreResources.bundle/Info.plist
2025-09-18 03:17:10 +0000  copying file ./Payload/SocialCircle.app/GoogleMapsResources.bundle/GoogleMaps.bundle/GMSCoreResources.bundle/GMSSprites-0-2x.png ... 
2025-09-18 03:17:10 +0000  40485 bytes for ./Payload/SocialCircle.app/GoogleMapsResources.bundle/GoogleMaps.bundle/GMSCoreResources.bundle/GMSSprites-0-2x.png
copying file ./Payload/SocialCircle.app/GoogleMapsResources.bundle/GoogleMaps.bundle/GMSCoreResources.bundle/ic_covid_medical_waypoint_alert_night_32pt.png ... 
2025-09-18 03:17:10 +0000  382 bytes for ./Payload/SocialCircle.app/GoogleMapsResources.bundle/GoogleMaps.bundle/GMSCoreResources.bundle/ic_covid_medical_waypoint_alert_night_32pt.png
2025-09-18 03:17:10 +0000  copying file ./Payload/SocialCircle.app/GoogleMapsResources.bundle/GoogleMaps.bundle/GMSCoreResources.bundle/ic_covid_checkpoint_waypoint_alert_32pt.png ... 
2025-09-18 03:17:10 +0000  601 bytes for ./Payload/SocialCircle.app/GoogleMapsResources.bundle/GoogleMaps.bundle/GMSCoreResources.bundle/ic_covid_checkpoint_waypoint_alert_32pt.png
2025-09-18 03:17:10 +0000  copying file ./Payload/SocialCircle.app/GoogleMapsResources.bundle/GoogleMaps.bundle/GMSCoreResources.bundle/ic_covid_medical_waypoint_alert_night_32pt@2x.png ... 
2025-09-18 03:17:10 +0000  825 bytes for ./Payload/SocialCircle.app/GoogleMapsResources.bundle/GoogleMaps.bundle/GMSCoreResources.bundle/ic_covid_medical_waypoint_alert_night_32pt@2x.png
2025-09-18 03:17:10 +0000  copying file ./Payload/SocialCircle.app/GoogleMapsResources.bundle/GoogleMaps.bundle/GMSCoreResources.bundle/button_compass_night@2x.png ... 
2025-09-18 03:17:10 +0000  2221 bytes for ./Payload/SocialCircle.app/GoogleMapsResources.bundle/GoogleMaps.bundle/GMSCoreResources.bundle/button_compass_night@2x.png
2025-09-18 03:17:10 +0000  copying file ./Payload/SocialCircle.app/GoogleMapsResources.bundle/GoogleMaps.bundle/GMSCoreResources.bundle/button_compass@2x.png ... 
2025-09-18 03:17:10 +0000  2560 bytes for ./Payload/SocialCircle.app/GoogleMapsResources.bundle/GoogleMaps.bundle/GMSCoreResources.bundle/button_compass@2x.png
2025-09-18 03:17:10 +0000  copying file ./Payload/SocialCircle.app/GoogleMapsResources.bundle/GoogleMaps.bundle/GMSCoreResources.bundle/hr.lproj/GMSCore.strings ... 
2025-09-18 03:17:10 +0000  4264 bytes for ./Payload/SocialCircle.app/GoogleMapsResources.bundle/GoogleMaps.bundle/GMSCoreResources.bundle/hr.lproj/GMSCore.strings
2025-09-18 03:17:10 +0000  copying file ./Payload/SocialCircle.app/GoogleMapsResources.bundle/GoogleMaps.bundle/GMSCoreResources.bundle/hi.lproj/GMSCore.strings ... 
2025-09-18 03:17:10 +0000  4242 bytes for ./Payload/SocialCircle.app/GoogleMapsResources.bundle/GoogleMaps.bundle/GMSCoreResources.bundle/hi.lproj/GMSCore.strings
2025-09-18 03:17:10 +0000  copying file ./Payload/SocialCircle.app/GoogleMapsResources.bundle/GoogleMaps.bundle/GMSCoreResources.bundle/ca.lproj/GMSCore.strings ... 
2025-09-18 03:17:10 +0000  4274 bytes for ./Payload/SocialCircle.app/GoogleMapsResources.bundle/GoogleMaps.bundle/GMSCoreResources.bundle/ca.lproj/GMSCore.strings
2025-09-18 03:17:10 +0000  copying file ./Payload/SocialCircle.app/GoogleMapsResources.bundle/GoogleMaps.bundle/GMSCoreResources.bundle/ic_compass_needle_32pt@3x.png ... 
2025-09-18 03:17:10 +0000  1962 bytes for ./Payload/SocialCircle.app/GoogleMapsResources.bundle/GoogleMaps.bundle/GMSCoreResources.bundle/ic_compass_needle_32pt@3x.png
2025-09-18 03:17:10 +0000  copying file ./Payload/SocialCircle.app/GoogleMapsResources.bundle/GoogleMaps.bundle/GMSCoreResources.bundle/ic_covid_checkpoint_waypoint_alert_night_32pt@2x.png ... 
2025-09-18 03:17:10 +0000  1380 bytes for ./Payload/SocialCircle.app/GoogleMapsResources.bundle/GoogleMaps.bundle/GMSCoreResources.bundle/ic_covid_checkpoint_waypoint_alert_night_32pt@2x.png
2025-09-18 03:17:10 +0000  copying file ./Payload/SocialCircle.app/GoogleMapsResources.bundle/GoogleMaps.bundle/ic_error@3x.png ... 
2025-09-18 03:17:10 +0000  743 bytes for ./Payload/SocialCircle.app/GoogleMapsResources.bundle/GoogleMaps.bundle/ic_error@3x.png
2025-09-18 03:17:10 +0000  copying file ./Payload/SocialCircle.app/GoogleMapsResources.bundle/GoogleMaps.bundle/oss_licenses_maps.txt.gz ... 
2025-09-18 03:17:10 +0000  173531 bytes for ./Payload/SocialCircle.app/GoogleMapsResources.bundle/GoogleMaps.bundle/oss_licenses_maps.txt.gz
copying file ./Payload/SocialCircle.app/GoogleMapsResources.bundle/GoogleMaps.bundle/Assets.car ... 
2025-09-18 03:17:10 +0000  43967 bytes for ./Payload/SocialCircle.app/GoogleMapsResources.bundle/GoogleMaps.bundle/Assets.car
copying file ./Payload/SocialCircle.app/GoogleMapsResources.bundle/GoogleMaps.bundle/bubble_right.png ... 
2025-09-18 03:17:10 +0000  455 bytes for ./Payload/SocialCircle.app/GoogleMapsResources.bundle/GoogleMaps.bundle/bubble_right.png
2025-09-18 03:17:10 +0000  copying file ./Payload/SocialCircle.app/GoogleMapsResources.bundle/GoogleMaps.bundle/ic_error@2x.png ... 
2025-09-18 03:17:10 +0000  454 bytes for ./Payload/SocialCircle.app/GoogleMapsResources.bundle/GoogleMaps.bundle/ic_error@2x.png
2025-09-18 03:17:10 +0000  copying file ./Payload/SocialCircle.app/GoogleMapsResources.bundle/GoogleMaps.bundle/GMSCacheStorage.momd/Storage.mom ... 
2025-09-18 03:17:10 +0000  4696 bytes for ./Payload/SocialCircle.app/GoogleMapsResources.bundle/GoogleMaps.bundle/GMSCacheStorage.momd/Storage.mom
2025-09-18 03:17:10 +0000  copying file ./Payload/SocialCircle.app/GoogleMapsResources.bundle/GoogleMaps.bundle/GMSCacheStorage.momd/VersionInfo.plist ... 
2025-09-18 03:17:10 +0000  1197 bytes for ./Payload/SocialCircle.app/GoogleMapsResources.bundle/GoogleMaps.bundle/GMSCacheStorage.momd/VersionInfo.plist
2025-09-18 03:17:10 +0000  copying file ./Payload/SocialCircle.app/GoogleMapsResources.bundle/GoogleMaps.bundle/GMSCacheStorage.momd/StorageWithTileProto.mom ... 
2025-09-18 03:17:10 +0000  5292 bytes for ./Payload/SocialCircle.app/GoogleMapsResources.bundle/GoogleMaps.bundle/GMSCacheStorage.momd/StorageWithTileProto.mom
2025-09-18 03:17:10 +0000  copying file ./Payload/SocialCircle.app/GoogleMapsResources.bundle/GoogleMaps.bundle/GMSCacheStorage.momd/StorageWithTileVersionID.mom ... 
2025-09-18 03:17:10 +0000  4802 bytes for ./Payload/SocialCircle.app/GoogleMapsResources.bundle/GoogleMaps.bundle/GMSCacheStorage.momd/StorageWithTileVersionID.mom
2025-09-18 03:17:10 +0000  copying file ./Payload/SocialCircle.app/GoogleMapsResources.bundle/GoogleMaps.bundle/Info.plist ... 
2025-09-18 03:17:10 +0000  363 bytes for ./Payload/SocialCircle.app/GoogleMapsResources.bundle/GoogleMaps.bundle/Info.plist
2025-09-18 03:17:10 +0000  copying file ./Payload/SocialCircle.app/GoogleMapsResources.bundle/Info.plist ... 
2025-09-18 03:17:10 +0000  782 bytes for ./Payload/SocialCircle.app/GoogleMapsResources.bundle/Info.plist
2025-09-18 03:17:10 +0000  copying file ./Payload/SocialCircle.app/Info.plist ... 
2025-09-18 03:17:10 +0000  4699 bytes for ./Payload/SocialCircle.app/Info.plist
2025-09-18 03:17:10 +0000  copying file ./Payload/SocialCircle.app/Expo.plist ... 
2025-09-18 03:17:10 +0000  132 bytes for ./Payload/SocialCircle.app/Expo.plist
2025-09-18 03:17:10 +0000  copying file ./Payload/SocialCircle.app/RNCAsyncStorage_resources.bundle/PrivacyInfo.xcprivacy ... 
2025-09-18 03:17:10 +0000  512 bytes for ./Payload/SocialCircle.app/RNCAsyncStorage_resources.bundle/PrivacyInfo.xcprivacy
2025-09-18 03:17:10 +0000  copying file ./Payload/SocialCircle.app/RNCAsyncStorage_resources.bundle/Info.plist ... 
2025-09-18 03:17:10 +0000  793 bytes for ./Payload/SocialCircle.app/RNCAsyncStorage_resources.bundle/Info.plist
2025-09-18 03:17:10 +0000  copying file ./Payload/SocialCircle.app/PkgInfo ... 
2025-09-18 03:17:10 +0000  8 bytes for ./Payload/SocialCircle.app/PkgInfo
2025-09-18 03:17:10 +0000  copying file ./Payload/SocialCircle.app/MaterialIcons.ttf ... 
2025-09-18 03:17:10 +0000  356840 bytes for ./Payload/SocialCircle.app/MaterialIcons.ttf
2025-09-18 03:17:10 +0000  copying file ./Payload/SocialCircle.app/React-Core_privacy.bundle/PrivacyInfo.xcprivacy ... 
2025-09-18 03:17:10 +0000  768 bytes for ./Payload/SocialCircle.app/React-Core_privacy.bundle/PrivacyInfo.xcprivacy
2025-09-18 03:17:10 +0000  copying file ./Payload/SocialCircle.app/React-Core_privacy.bundle/Info.plist ... 
2025-09-18 03:17:10 +0000  781 bytes for ./Payload/SocialCircle.app/React-Core_privacy.bundle/Info.plist
2025-09-18 03:17:10 +0000  copying file ./Symbols/22FE6DAA-D915-3B9D-8EDA-146AF1281756.symbols ... 
2025-09-18 03:17:11 +0000  41823980 bytes for ./Symbols/22FE6DAA-D915-3B9D-8EDA-146AF1281756.symbols
2025-09-18 03:17:11 +0000  /usr/bin/ditto exited with 0
2025-09-18 03:17:11 +0000  Processing step: IDEDistributionAppStoreInformationStep
2025-09-18 03:17:11 +0000  Skipping step: IDEDistributionAppStoreInformationStep because it said so
2025-09-18 03:17:11 +0000  Processing step: IDEDistributionGenerateProcessedDistributionItems
2025-09-18 03:17:11 +0000  IDEDistributionItem init <DVTFilePath:0x600008e46300:'/var/folders/lv/bks3mx4n6g5gcvnft63p07j40000gn/T/XcodeDistPipeline.~~~ePAqAY/Root/Payload/SocialCircle.app/Frameworks/hermes.framework'>
2025-09-18 03:17:11 +0000  IDEDistributionItem init <DVTFilePath:0x600020f59730:'/var/folders/lv/bks3mx4n6g5gcvnft63p07j40000gn/T/XcodeDistPipeline.~~~ePAqAY/Root/Payload/SocialCircle.app'>
2025-09-18 03:17:11 +0000  Processing step: IDEDistributionCreateManifestStep
2025-09-18 03:17:11 +0000  Skipping step: IDEDistributionCreateManifestStep because it said so
